/*
SQLyog Ultimate v8.32 
MySQL - 5.7.22 : Database - zcurd_base
*********************************************************************
*/

/*!40101 SET NAMES utf8 */;

/*!40101 SET SQL_MODE=''*/;

/*!40014 SET @OLD_UNIQUE_CHECKS=@@UNIQUE_CHECKS, UNIQUE_CHECKS=0 */;
/*!40014 SET @OLD_FOREIGN_KEY_CHECKS=@@FOREIGN_KEY_CHECKS, FOREIGN_KEY_CHECKS=0 */;
/*!40101 SET @OLD_SQL_MODE=@@SQL_MODE, SQL_MODE='NO_AUTO_VALUE_ON_ZERO' */;
/*!40111 SET @OLD_SQL_NOTES=@@SQL_NOTES, SQL_NOTES=0 */;
CREATE DATABASE /*!32312 IF NOT EXISTS*/`zcurd_base` /*!40100 DEFAULT CHARACTER SET utf8 */;

USE `zcurd_base`;

/*Table structure for table `common_file` */

DROP TABLE IF EXISTS `common_file`;

CREATE TABLE `common_file` (
  `id` int(11) unsigned NOT NULL AUTO_INCREMENT,
  `type` int(11) NOT NULL COMMENT '分类（1：图片，2：文件）',
  `path` varchar(200) NOT NULL DEFAULT '' COMMENT '图片地址',
  `sys_user_id` int(11) NOT NULL COMMENT '系统用户',
  `create_time` timestamp NOT NULL DEFAULT CURRENT_TIMESTAMP COMMENT '创建时间',
  PRIMARY KEY (`id`) USING BTREE
) ENGINE=InnoDB DEFAULT CHARSET=utf8 ROW_FORMAT=DYNAMIC COMMENT='文件管理';

/*Data for the table `common_file` */

/*Table structure for table `sys_dict` */

DROP TABLE IF EXISTS `sys_dict`;

CREATE TABLE `sys_dict` (
  `id` int(11) unsigned NOT NULL AUTO_INCREMENT COMMENT 'id',
  `dict_type` varchar(50) NOT NULL DEFAULT '' COMMENT '类型',
  `dict_key` varchar(50) NOT NULL DEFAULT '' COMMENT '键',
  `dict_value` varchar(100) NOT NULL DEFAULT '' COMMENT '值',
  `create_time` timestamp NOT NULL DEFAULT CURRENT_TIMESTAMP ON UPDATE CURRENT_TIMESTAMP COMMENT '创建时间',
  PRIMARY KEY (`id`) USING BTREE
) ENGINE=InnoDB DEFAULT CHARSET=utf8 ROW_FORMAT=DYNAMIC COMMENT='数据字典';

/*Data for the table `sys_dict` */

/*Table structure for table `sys_login_log` */

DROP TABLE IF EXISTS `sys_login_log`;

CREATE TABLE `sys_login_log` (
  `id` int(11) NOT NULL AUTO_INCREMENT,
  `username` varchar(50) DEFAULT NULL COMMENT '用户名',
  `session_id` varchar(50) DEFAULT NULL COMMENT 'session id',
  `ip` varchar(100) DEFAULT NULL COMMENT '登陆ip',
  `is_success` int(11) DEFAULT NULL COMMENT '是否成功（0：失败，1：成功）',
  `remark` varchar(100) DEFAULT NULL COMMENT '备注',
  `create_time` datetime DEFAULT NULL COMMENT '创建时间',
  PRIMARY KEY (`id`)
) ENGINE=InnoDB AUTO_INCREMENT=123 DEFAULT CHARSET=utf8 COMMENT='登陆日志';

/*Data for the table `sys_login_log` */

insert  into `sys_login_log`(`id`,`username`,`session_id`,`ip`,`is_success`,`remark`,`create_time`) values (27,'zcurd','1b3xb954li77gkjc7tte7g7yx','0:0:0:0:0:0:0:1',0,'用户名或密码错误！','2018-07-17 05:09:49'),(28,'zcurd','1b3xb954li77gkjc7tte7g7yx','0:0:0:0:0:0:0:1',0,'用户名或密码错误！','2018-07-17 05:09:52'),(29,'admin','1b3xb954li77gkjc7tte7g7yx','0:0:0:0:0:0:0:1',0,'用户名或密码错误！','2018-07-17 05:10:14'),(30,'admin','1b3xb954li77gkjc7tte7g7yx','0:0:0:0:0:0:0:1',0,'用户名或密码错误！','2018-07-17 05:11:03'),(31,'zcurd','1b3xb954li77gkjc7tte7g7yx','0:0:0:0:0:0:0:1',0,'用户名或密码错误！','2018-07-17 05:11:08'),(32,'admin','1b3xb954li77gkjc7tte7g7yx','0:0:0:0:0:0:0:1',0,'验证码错误！','2018-07-17 05:11:35'),(33,'admin','1b3xb954li77gkjc7tte7g7yx','0:0:0:0:0:0:0:1',0,'用户名或密码错误！','2018-07-17 05:11:42'),(34,'admin','1b3xb954li77gkjc7tte7g7yx','0:0:0:0:0:0:0:1',0,'用户名或密码错误！','2018-07-17 05:11:59'),(35,'admin','1b3xb954li77gkjc7tte7g7yx','0:0:0:0:0:0:0:1',0,'用户名或密码错误！','2018-07-17 05:12:12'),(36,'admin','1b3xb954li77gkjc7tte7g7yx','0:0:0:0:0:0:0:1',0,'用户名或密码错误！','2018-07-17 05:12:50'),(37,'admin','1b3xb954li77gkjc7tte7g7yx','0:0:0:0:0:0:0:1',0,'用户名或密码错误！','2018-07-17 05:14:20'),(38,'zcurd','1b3xb954li77gkjc7tte7g7yx','0:0:0:0:0:0:0:1',0,'验证码错误！','2018-07-17 05:14:58'),(39,'zcurd','1b3xb954li77gkjc7tte7g7yx','0:0:0:0:0:0:0:1',1,'登陆成功','2018-07-17 05:15:08'),(40,'admin','1cs1mfedixc2hlm2hszq7bf24','0:0:0:0:0:0:0:1',0,'用户名或密码错误！','2018-07-18 20:46:58'),(41,'admin','1cs1mfedixc2hlm2hszq7bf24','0:0:0:0:0:0:0:1',0,'用户名或密码错误！','2018-07-18 20:47:03'),(42,'admin','1cs1mfedixc2hlm2hszq7bf24','0:0:0:0:0:0:0:1',0,'用户名或密码错误！','2018-07-18 20:47:24'),(43,'admin','1cs1mfedixc2hlm2hszq7bf24','0:0:0:0:0:0:0:1',1,'登陆成功','2018-07-18 20:48:04'),(44,'admin','1phlv6cjisz216zzqxtwkiypj','0:0:0:0:0:0:0:1',0,'用户名或密码错误！','2018-07-18 23:03:32'),(45,'admin','1phlv6cjisz216zzqxtwkiypj','0:0:0:0:0:0:0:1',1,'登陆成功','2018-07-18 23:03:35'),(46,'admin','ba6rwhiqfqxo1wkvuaeh2ssgn','0:0:0:0:0:0:0:1',1,'登陆成功','2018-07-19 01:49:01'),(47,'admin','p3rof9nl7ylw1g50ztqeqtekd','0:0:0:0:0:0:0:1',1,'登陆成功','2018-07-19 02:05:36'),(48,'admin','9lk0l9zlios21tw4ne8msqnxm','0:0:0:0:0:0:0:1',1,'登陆成功','2018-07-19 02:12:53'),(49,'admin','1n189xb8ja651b4ct1o384j05','0:0:0:0:0:0:0:1',1,'登陆成功','2018-07-19 02:13:35'),(50,'admin','fr924ms2zwl27bl4mxrw0i3c','0:0:0:0:0:0:0:1',1,'登陆成功','2018-07-19 02:14:45'),(51,'admin','1circ9yxzjj1u7fmu3fojz4jd','0:0:0:0:0:0:0:1',1,'登陆成功','2018-07-19 02:16:06'),(52,'admin','1ecqrouis5d0y6uibtsmrwlso','0:0:0:0:0:0:0:1',1,'登陆成功','2018-07-19 02:22:43'),(53,'readonly','vhydw6uth2qduidzslvkout7','0:0:0:0:0:0:0:1',0,'用户名或密码错误！','2018-07-19 06:35:03'),(54,'readonly','vhydw6uth2qduidzslvkout7','0:0:0:0:0:0:0:1',0,'用户名或密码错误！','2018-07-19 06:35:09'),(55,'admin','1kqknv72p0p6h1nrxefkpujvc5','0:0:0:0:0:0:0:1',0,'用户名或密码错误！','2018-07-22 09:49:20'),(56,'admin','1kqknv72p0p6h1nrxefkpujvc5','0:0:0:0:0:0:0:1',0,'用户名或密码错误！','2018-07-22 09:49:25'),(57,'admin','1kqknv72p0p6h1nrxefkpujvc5','0:0:0:0:0:0:0:1',0,'用户名或密码错误！','2018-07-22 09:49:27'),(58,'admin','1kqknv72p0p6h1nrxefkpujvc5','0:0:0:0:0:0:0:1',1,'登陆成功','2018-07-22 09:49:43'),(59,'admin','1egpdi9qhksz0cpbpm3ygsw8j','0:0:0:0:0:0:0:1',0,'用户名或密码错误！','2018-07-22 11:26:18'),(60,'admin','1egpdi9qhksz0cpbpm3ygsw8j','0:0:0:0:0:0:0:1',1,'登陆成功','2018-07-22 11:26:26'),(61,'admin','s8ntprtms15e6osv6rvwduxa','0:0:0:0:0:0:0:1',1,'登陆成功','2018-07-22 13:44:04'),(62,'admin','1w3utewdnu7k07gs4s2g5h0ij','0:0:0:0:0:0:0:1',1,'登陆成功','2018-07-22 15:10:37'),(63,'admin','1az6v6k80kbeu1lkiu9om4wgby','0:0:0:0:0:0:0:1',1,'登陆成功','2018-07-22 15:34:38'),(64,'admin','zw6c46e6bttoq5kjpe99xeix','127.0.0.1',1,'登陆成功','2018-07-22 15:46:45'),(65,'admin','llovdsvotzwx1v4clb2r5od9y','0:0:0:0:0:0:0:1',1,'登陆成功','2018-07-22 17:08:52'),(66,'admin','logfg7q8pqhblfl6x5b09mty','0:0:0:0:0:0:0:1',1,'登陆成功','2018-07-22 17:14:44'),(67,'admin','1d62psa1s7ep019b08upguqvx1','0:0:0:0:0:0:0:1',1,'登陆成功','2018-07-22 17:16:42'),(68,'admin','lp9gvlr87tdqdf4a5gy3a3su','0:0:0:0:0:0:0:1',1,'登陆成功','2018-07-22 17:33:40'),(69,'admin','vkpbjuaqz5l96qp8n9my5p72','0:0:0:0:0:0:0:1',1,'登陆成功','2018-07-22 17:48:01'),(70,'admin','lucc4g211o6q120f0pvxqy6cd','0:0:0:0:0:0:0:1',1,'登陆成功','2018-07-22 17:51:42'),(71,'admin','17t8t9qtxhcy01ibncutfg116g','0:0:0:0:0:0:0:1',1,'登陆成功','2018-07-22 17:55:46'),(72,'admin','16n31h91jq6d111ws7tecrj8ya','0:0:0:0:0:0:0:1',1,'登陆成功','2018-07-22 18:07:17'),(73,'admin','kzwripm40zcr1phsurizc8r5v','0:0:0:0:0:0:0:1',1,'登陆成功','2018-07-29 14:56:38'),(74,'admin','18o9p39958u461jg996ros5nam','0:0:0:0:0:0:0:1',1,'登陆成功','2018-07-29 15:27:21'),(75,'admin','1rp411rf56ucc1qarydla5dsns','0:0:0:0:0:0:0:1',1,'登陆成功','2018-07-29 15:28:26'),(76,'admin','1rp411rf56ucc1qarydla5dsns','0:0:0:0:0:0:0:1',1,'登陆成功','2018-07-29 15:29:46'),(77,'admin','1fofnd48dexyi1f0swi3t3effz','0:0:0:0:0:0:0:1',1,'登陆成功','2018-07-29 15:54:21'),(78,'admin','isndac05nzzek9jyyunkvth1','0:0:0:0:0:0:0:1',1,'登陆成功','2018-07-29 15:55:14'),(79,'admin','18civbhsix4olv3nuwznih892','0:0:0:0:0:0:0:1',1,'登陆成功','2018-07-29 15:56:34'),(80,'admin','1xjumut8a8u8t1gfcaqrtbjuwf','0:0:0:0:0:0:0:1',1,'登陆成功','2018-07-29 16:23:38'),(81,'admin','1q2ssywnebyws31wv22wghrt3','0:0:0:0:0:0:0:1',1,'登陆成功','2018-07-29 16:24:57'),(82,'admin','1iioeepzjruou8xbdm6bghwp4','0:0:0:0:0:0:0:1',1,'登陆成功','2018-07-29 17:01:04'),(83,'admin','1vjuh0pb1qcq41l1jqlmj68iyj','0:0:0:0:0:0:0:1',1,'登陆成功','2018-07-29 17:17:03'),(84,'admin','aye6tfoffl87122kwrc27q5lc','0:0:0:0:0:0:0:1',1,'登陆成功','2018-07-29 17:28:04'),(85,'admin','1632r1tibdv3i1vm0a3i4zo2ux','0:0:0:0:0:0:0:1',1,'登陆成功','2018-07-29 17:28:54'),(86,'admin','1mr9uwml9rpii1hjxcwsm7zdcn','0:0:0:0:0:0:0:1',1,'登陆成功','2018-07-29 17:33:24'),(87,'admin','5h9013csd49612xssepg8s09u','0:0:0:0:0:0:0:1',1,'登陆成功','2018-07-29 17:37:39'),(88,'admin','1mw9t1mjqj8z31muoz9mkbrlcv','0:0:0:0:0:0:0:1',1,'登陆成功','2018-07-29 17:47:09'),(89,'admin','2eegx7isxckhhi92h0zi9m4f','0:0:0:0:0:0:0:1',1,'登陆成功','2018-07-29 17:47:44'),(90,'admin','1u1kjbqyae0pb1qkwnj0xl7ea8','0:0:0:0:0:0:0:1',1,'登陆成功','2018-07-29 18:12:29'),(91,'admin','chz621gubca4g7wb86mqhsht','0:0:0:0:0:0:0:1',1,'登陆成功','2018-07-29 18:13:11'),(92,'admin','khrzgn4unsi23atma95pfbke','0:0:0:0:0:0:0:1',1,'登陆成功','2018-08-05 03:05:25'),(93,'admin','hv7e7fpipeu6xxseuqtwjs9','0:0:0:0:0:0:0:1',1,'登陆成功','2018-08-05 03:34:06'),(94,'admin','1rxndvxzci063yx05qgqdb2u6','0:0:0:0:0:0:0:1',1,'登陆成功','2018-08-07 02:42:30'),(95,'admin','1m61u7l4yr9ha1tw02ueaxfftn','0:0:0:0:0:0:0:1',1,'登陆成功','2018-08-07 02:46:35'),(96,'admin','besumqckax4j1p2die7mknd8v','0:0:0:0:0:0:0:1',1,'登陆成功','2018-08-07 02:49:24'),(97,'admin','11mn0bw3np3opdrakw0dig8lb','0:0:0:0:0:0:0:1',1,'登陆成功','2018-08-07 03:30:30'),(98,'admin','q9in3t953pkaewpqly3dtyx','0:0:0:0:0:0:0:1',1,'登陆成功','2018-08-07 03:53:00'),(99,'admin','bphz48xbxlkg1gjxfxxpu4b9c','0:0:0:0:0:0:0:1',1,'登陆成功','2018-08-07 04:01:30'),(100,'admin','3t9kjafs5o54dtqdd0d0nnm3','0:0:0:0:0:0:0:1',1,'登陆成功','2018-08-07 04:03:03'),(101,'admin','em3ngvu3pnm1wf65m1s6dei','0:0:0:0:0:0:0:1',1,'登陆成功','2018-08-07 04:14:21'),(102,'admin','1iblkt8w2kn2jnczkt0ewoojj','0:0:0:0:0:0:0:1',1,'登陆成功','2018-08-07 04:16:18'),(103,'admin','1bzoaglkun8m11sjjx5xszst74','0:0:0:0:0:0:0:1',1,'登陆成功','2018-08-07 04:17:40'),(104,'admin','2zjcb0w0r9qq15miaqt5pb96f','0:0:0:0:0:0:0:1',1,'登陆成功','2018-08-07 04:20:06'),(105,'admin','w4y5rhxfzw0geyxz8oa9przk','0:0:0:0:0:0:0:1',1,'登陆成功','2018-08-07 04:26:55'),(106,'admin','zs955nss9a7m15xes7st3vqxt','0:0:0:0:0:0:0:1',1,'登陆成功','2018-08-11 21:13:07'),(107,'admin','zs955nss9a7m15xes7st3vqxt','0:0:0:0:0:0:0:1',1,'登陆成功','2018-08-11 21:52:07'),(108,'admin','1q8m04xhiabop2d892xv19alq','0:0:0:0:0:0:0:1',1,'登陆成功','2018-08-11 22:35:54'),(109,'admin','rpwwyh5p1fnugqp4cba3ac21','0:0:0:0:0:0:0:1',1,'登陆成功','2018-08-12 10:26:03'),(110,'admin','9e3otovr0v2qffw1t0n5tqpz','0:0:0:0:0:0:0:1',1,'登陆成功','2018-08-12 11:51:12'),(111,'admin','13xai681ujfjf1afs5mothml5d','0:0:0:0:0:0:0:1',1,'登陆成功','2018-08-12 15:37:26'),(112,'admin','node016y1ubvau2kvvcburp99h1sna0','0:0:0:0:0:0:0:1',1,'登陆成功','2018-08-12 16:07:22'),(113,'admin','node012bphn4yc1m0glxxjpzbju3hw0','0:0:0:0:0:0:0:1',1,'登陆成功','2018-08-12 16:11:17'),(114,'admin','node0ddeams7wkars1w67amn6a2t8g0','0:0:0:0:0:0:0:1',1,'登陆成功','2018-08-12 16:13:30'),(115,'admin','node0v6jegqfd5hgseu4j8ym6ueno0','0:0:0:0:0:0:0:1',1,'登陆成功','2018-08-12 17:01:38'),(116,'admin','node0s8n2gx5k3kac4ncjnz6jteqa0','0:0:0:0:0:0:0:1',1,'登陆成功','2018-08-12 17:02:56'),(117,'admin','node09to7hn08frko1qesw84645nwa0','0:0:0:0:0:0:0:1',1,'登陆成功','2018-08-12 17:03:29'),(118,'admin','node019j4n6zirotdh10dcug6rpgmfi0','0:0:0:0:0:0:0:1',1,'登陆成功','2018-08-12 17:04:42'),(119,'admin','node0g9wevbyuxdesn06mfffg8vta0','0:0:0:0:0:0:0:1',1,'登陆成功','2018-08-12 17:06:36'),(120,'admin','node0fpz3wwdblsab9lol73yc0g3b0','0:0:0:0:0:0:0:1',1,'登陆成功','2018-08-12 17:24:34'),(121,'admin','node0l2lh5d5ncfimsr79st12mgyi0','127.0.0.1',1,'登陆成功','2018-08-12 17:26:14'),(122,'admin','node01un676qe760ya1floxg4jk6p8s0','0:0:0:0:0:0:0:1',1,'登陆成功','2018-08-12 17:27:06');

/*Table structure for table `sys_menu` */

DROP TABLE IF EXISTS `sys_menu`;

CREATE TABLE `sys_menu` (
  `id` int(11) NOT NULL AUTO_INCREMENT COMMENT 'id',
  `menu_name` varchar(100) DEFAULT NULL COMMENT '菜单名称',
  `menu_url` varchar(100) DEFAULT NULL COMMENT '菜单地址',
  `parent_id` int(11) DEFAULT NULL COMMENT '所属菜单',
  `icon` varchar(50) DEFAULT NULL COMMENT '图标',
  `order_num` int(11) DEFAULT NULL COMMENT '顺序',
  `create_time` timestamp NOT NULL DEFAULT CURRENT_TIMESTAMP COMMENT '创建时间',
  PRIMARY KEY (`id`) USING BTREE
) ENGINE=InnoDB AUTO_INCREMENT=38 DEFAULT CHARSET=utf8 ROW_FORMAT=DYNAMIC COMMENT='菜单';

/*Data for the table `sys_menu` */

insert  into `sys_menu`(`id`,`menu_name`,`menu_url`,`parent_id`,`icon`,`order_num`,`create_time`) values (1,'系统管理',NULL,0,'glyphicon-cog',11,'2016-01-06 19:37:31'),(2,'在线表单','/zcurdHead/listPage',1,'glyphicon-cloud',1,'2016-01-07 21:41:21'),(3,'菜单管理','/menu/list',1,'glyphicon-menu-hamburger',2,'2016-01-06 19:37:38'),(4,'字典管理','/zcurd/7/listPage',1,'glyphicon-book',3,'2016-02-29 11:44:07'),(5,'权限管理',NULL,0,'glyphicon-user',10,'2016-01-06 19:37:31'),(6,'角色管理','/zcurd/8/listPage',5,'glyphicon-user',1,'2016-01-07 03:32:08'),(7,'系统用户','/zcurd/12/listPage',5,'glyphicon-king',2,'2016-02-16 03:59:22'),(14,'支付管理','/customer/listPage',0,'glyphicon-tower',3,'2017-01-25 18:18:37'),(15,'微信充值','/money/listPage',14,'glyphicon-off',5,'2017-01-25 18:19:33'),(18,'设备管理','/device/listPage',22,'glyphicon-print',6,'2017-01-25 18:27:24'),(22,'设备管理',NULL,0,'glyphicon-cog',2,'2017-04-06 22:26:01'),(24,'微信用户','/tuser/listPage',14,'glyphicon-user',8,'2017-04-06 23:00:22'),(25,'刷卡记录','/cardlog/listPage',14,'glyphicon-inbox',7,'2017-04-06 23:06:03'),(29,'微信消费','/weixin/listPage',14,'glyphicon-hdd',4,'2017-04-06 23:21:38'),(30,'优惠设置','/zcurd/36/listPage',14,'glyphicon-star-empty',4,'2017-04-06 23:24:18'),(31,'支付日志','/zcurd/37/listPage',14,'glyphicon-qrcode',3,'2017-04-06 23:27:22'),(33,'消费统计','/weixinsum/listSumPage',14,'glyphicon-yen',5,'2017-04-14 23:24:06'),(34,'充值统计','/moneysum/listSumPage',14,'glyphicon-usd',6,'2017-04-16 22:50:33'),(35,'功率日志','/zcurd/38/listPage',22,'glyphicon-baby-formula',8,'2017-04-22 18:45:34'),(36,'新设备管理','/newDevice/listPage',22,'glyphicon-print',5,'2018-07-29 15:20:01'),(37,'设备升级','/updatedevice/listPage',22,'glyphicon-cloud',7,'2018-08-12 17:00:23');

/*Table structure for table `sys_menu_btn` */

DROP TABLE IF EXISTS `sys_menu_btn`;

CREATE TABLE `sys_menu_btn` (
  `id` int(11) NOT NULL AUTO_INCREMENT COMMENT 'id',
  `menu_id` int(11) DEFAULT NULL COMMENT '所属菜单',
  `btn_name` varchar(100) DEFAULT NULL COMMENT '按钮名称',
  `class_name` varchar(100) DEFAULT NULL COMMENT '页面class名称',
  `method_name` varchar(100) DEFAULT NULL COMMENT '后台method名称',
  `create_time` timestamp NOT NULL DEFAULT CURRENT_TIMESTAMP COMMENT '创建时间',
  PRIMARY KEY (`id`) USING BTREE,
  KEY `FK_Reference_1` (`menu_id`) USING BTREE,
  CONSTRAINT `FK_Reference_1` FOREIGN KEY (`menu_id`) REFERENCES `sys_menu` (`id`) ON DELETE CASCADE
) ENGINE=InnoDB AUTO_INCREMENT=86 DEFAULT CHARSET=utf8 ROW_FORMAT=DYNAMIC COMMENT='菜单按钮';

/*Data for the table `sys_menu_btn` */

insert  into `sys_menu_btn`(`id`,`menu_id`,`btn_name`,`class_name`,`method_name`,`create_time`) values (17,2,'删除','delBtn','delete','2016-10-25 09:02:54'),(19,7,'增加','addBtn','add,addPage','2016-10-25 09:09:15'),(20,7,'修改','updateBtn','update,updatePage','2016-10-25 09:09:15'),(21,7,'删除','delBtn','delete','2016-10-25 09:09:15'),(22,7,'导出','exportBtn','exportCsv','2016-10-25 09:09:15'),(25,6,'删除','delBtn','delete','2016-10-25 09:11:01'),(26,18,'增加','addBtn','add,addPage','2017-01-25 18:49:18'),(27,18,'修改','updateBtn','update,updatePage','2017-01-25 18:49:18'),(28,18,'删除','delBtn','delete','2017-01-25 18:49:18'),(29,18,'导出','exportBtn','exportCsv','2017-01-25 18:49:18'),(30,15,'增加','addBtn','add,addPage','2017-01-25 18:49:57'),(31,15,'修改','updateBtn','update,updatePage','2017-01-25 18:49:57'),(32,15,'删除','delBtn','delete','2017-01-25 18:49:57'),(33,15,'导出','exportBtn','exportCsv','2017-01-25 18:49:57'),(61,29,'增加','addBtn','add,addPage','2017-04-17 22:06:56'),(62,29,'修改','updateBtn','update,updatePage','2017-04-17 22:06:56'),(63,29,'删除','delBtn','delete','2017-04-17 22:06:56'),(64,29,'导出','exportBtn','exportCsv','2017-04-17 22:06:56'),(73,25,'增加','addBtn','add,addPage','2017-04-18 15:11:37'),(74,25,'修改','updateBtn','update,updatePage','2017-04-18 15:11:37'),(75,25,'删除','delBtn','delete','2017-04-18 15:11:37'),(76,25,'导出','exportBtn','exportCsv','2017-04-18 15:11:37'),(77,34,'增加','addBtn','add,addPage','2017-04-18 15:11:41'),(78,34,'修改','updateBtn','update,updatePage','2017-04-18 15:11:41'),(79,34,'删除','delBtn','delete','2017-04-18 15:11:41'),(80,34,'导出','exportBtn','exportCsv','2017-04-18 15:11:41'),(81,18,'授权用户','authorizeBtn','authorize,authorizePage','2017-05-01 19:03:15'),(82,33,'增加','addBtn','add,addPage','2017-06-22 15:02:37'),(83,33,'修改','updateBtn','update,updatePage','2017-06-22 15:02:37'),(84,33,'删除','delBtn','delete','2017-06-22 15:02:37'),(85,33,'导出','exportBtn','exportCsv','2017-06-22 15:02:37');

/*Table structure for table `sys_menu_datarule` */

DROP TABLE IF EXISTS `sys_menu_datarule`;

CREATE TABLE `sys_menu_datarule` (
  `id` int(11) unsigned NOT NULL AUTO_INCREMENT COMMENT 'id',
  `menu_id` int(11) DEFAULT NULL COMMENT '菜单',
  `field_name` varchar(50) DEFAULT NULL COMMENT '字段名称',
  `symbol` varchar(50) DEFAULT NULL COMMENT '符号',
  `value` varchar(100) DEFAULT NULL COMMENT 'sql条件值',
  `create_time` timestamp NOT NULL DEFAULT CURRENT_TIMESTAMP COMMENT '创建时间',
  PRIMARY KEY (`id`) USING BTREE
) ENGINE=InnoDB AUTO_INCREMENT=6 DEFAULT CHARSET=utf8 ROW_FORMAT=DYNAMIC;

/*Data for the table `sys_menu_datarule` */

insert  into `sys_menu_datarule`(`id`,`menu_id`,`field_name`,`symbol`,`value`,`create_time`) values (3,12,'status','=','${user.id}','2016-09-27 00:16:00'),(4,7,'user_name','!=','admin','2016-10-25 09:10:03'),(5,2,'id','>','17','2016-10-25 09:12:18');

/*Table structure for table `sys_oplog` */

DROP TABLE IF EXISTS `sys_oplog`;

CREATE TABLE `sys_oplog` (
  `id` int(11) NOT NULL AUTO_INCREMENT COMMENT 'id',
  `user_id` int(11) DEFAULT NULL COMMENT '用户',
  `op_content` varchar(1000) DEFAULT NULL COMMENT '操作内容',
  `ip` varchar(50) DEFAULT NULL COMMENT 'ip',
  `create_time` datetime DEFAULT NULL COMMENT '创建时间',
  PRIMARY KEY (`id`) USING BTREE
) ENGINE=MyISAM AUTO_INCREMENT=4591 DEFAULT CHARSET=utf8 ROW_FORMAT=DYNAMIC COMMENT='系统操作日志';

/*Data for the table `sys_oplog` */

insert  into `sys_oplog`(`id`,`user_id`,`op_content`,`ip`,`create_time`) values (2926,1,'登陆系统','116.228.88.66','2018-05-15 15:08:08'),(2927,1,'登陆系统','116.228.88.66','2018-05-15 15:11:06'),(2928,1,'登陆系统','116.228.88.66','2018-05-15 15:17:11'),(2929,1,'登陆系统','111.230.148.108','2018-05-15 15:21:25'),(2930,1,'登陆系统','111.18.41.254','2018-05-15 23:11:58'),(2931,1,'[在线用户] 修改','111.18.41.254','2018-05-15 23:21:17'),(2932,1,'[在线用户] 修改','111.18.41.254','2018-05-15 23:22:15'),(2933,1,'[在线用户] 修改','111.18.41.254','2018-05-15 23:22:46'),(2934,1,'[在线用户] 修改','111.18.41.254','2018-05-15 23:23:16'),(2935,1,'[优惠设置] 删除','111.18.41.254','2018-05-15 23:25:07'),(2936,1,'[优惠设置] 增加','111.18.41.254','2018-05-15 23:28:32'),(2937,1,'[优惠设置] 修改','111.18.41.254','2018-05-15 23:28:58'),(2938,1,'[在线用户] 修改','111.18.41.254','2018-05-15 23:31:47'),(2939,1,'登陆系统','111.18.41.254','2018-05-16 09:11:02'),(2940,1,'登陆系统','59.109.217.178','2018-05-16 11:03:25'),(2941,1,'登陆系统','111.18.41.210','2018-05-16 14:13:50'),(2942,1,'登陆系统','111.18.41.203','2018-05-17 17:44:59'),(2943,1,'登陆系统','123.149.208.25','2018-05-22 16:58:01'),(2944,1,'登陆系统','123.149.213.231','2018-05-22 18:00:13'),(2945,1,'登陆系统','123.149.213.231','2018-05-22 18:10:37'),(2946,1,'[在线用户] 导出cvs','123.149.208.25','2018-05-22 18:15:54'),(2947,1,'登陆系统','116.228.88.66','2018-05-22 18:27:49'),(2948,1,'[设备记录] 增加','116.228.88.66','2018-05-22 18:31:59'),(2949,1,'设备1:1被删除','116.228.88.66','2018-05-22 18:32:03'),(2950,1,'[设备记录] 删除','116.228.88.66','2018-05-22 18:32:03'),(2951,1,'[设备记录] 增加','123.149.208.25','2018-05-22 19:08:20'),(2952,1,'登陆系统','123.149.208.25','2018-05-22 19:11:55'),(2953,1,'登陆系统','123.149.208.25','2018-05-22 19:14:54'),(2954,1,'登陆系统','123.149.208.25','2018-05-22 19:18:14'),(2955,1,'[设备记录] 修改','123.149.208.25','2018-05-22 19:38:51'),(2956,1,'登陆系统','123.149.208.25','2018-05-22 19:46:38'),(2957,1,'登陆系统','123.149.208.25','2018-05-23 09:30:46'),(2958,1,'设备三兴园1号车棚:3423048203849被删除','123.149.208.25','2018-05-23 09:32:19'),(2959,1,'[设备记录] 删除','123.149.208.25','2018-05-23 09:32:19'),(2960,1,'[设备记录] 增加','123.149.208.25','2018-05-23 09:36:23'),(2961,1,'[设备记录] 修改','123.149.208.25','2018-05-23 09:36:54'),(2962,1,'[在线用户] 修改','123.149.208.25','2018-05-23 09:51:08'),(2963,1,'[设备记录] 增加','123.149.208.25','2018-05-23 10:41:26'),(2964,1,'[设备记录] 修改','123.149.208.25','2018-05-23 10:42:02'),(2965,1,'[设备记录] 增加','123.149.208.25','2018-05-23 10:43:17'),(2966,1,'[设备记录] 修改','123.149.208.25','2018-05-23 10:43:33'),(2967,1,'[设备记录] 增加','123.149.208.25','2018-05-23 10:44:38'),(2968,1,'[设备记录] 修改','123.149.208.25','2018-05-23 10:44:52'),(2969,1,'[设备记录] 增加','123.149.208.25','2018-05-23 10:45:45'),(2970,1,'[设备记录] 修改','123.149.208.25','2018-05-23 10:46:05'),(2971,1,'[设备记录] 增加','123.149.208.25','2018-05-23 10:47:28'),(2972,1,'[设备记录] 修改','123.149.208.25','2018-05-23 10:47:38'),(2973,1,'[设备记录] 增加','123.149.208.25','2018-05-23 10:48:51'),(2974,1,'[设备记录] 修改','123.149.208.25','2018-05-23 10:48:59'),(2975,1,'[设备记录] 增加','123.149.208.25','2018-05-23 10:50:02'),(2976,1,'[设备记录] 修改','123.149.208.25','2018-05-23 10:50:12'),(2977,1,'[设备记录] 增加','123.149.208.25','2018-05-23 10:51:05'),(2978,1,'[设备记录] 修改','123.149.208.25','2018-05-23 10:51:20'),(2979,1,'[设备记录] 增加','123.149.208.25','2018-05-23 10:52:38'),(2980,1,'[设备记录] 修改','123.149.208.25','2018-05-23 10:52:47'),(2981,1,'登陆系统','123.149.213.231','2018-05-23 14:57:50'),(2982,1,'设备290000006:356566077526895被删除','123.149.213.231','2018-05-23 14:58:05'),(2983,1,'[设备记录] 删除','123.149.213.231','2018-05-23 14:58:05'),(2984,1,'[设备记录] 增加','123.149.213.231','2018-05-23 14:58:44'),(2985,1,'[设备记录] 修改','123.149.213.231','2018-05-23 14:59:00'),(2986,1,'[在线用户] 修改','123.149.213.231','2018-05-23 17:03:12'),(2987,1,'登陆系统','123.149.208.25','2018-05-23 18:46:52'),(2988,1,'[菜单管理] 修改','123.149.213.231','2018-05-23 19:05:05'),(2989,1,'[菜单管理] 修改','123.149.213.231','2018-05-23 19:06:08'),(2990,1,'[菜单管理] 修改','123.149.213.231','2018-05-23 19:08:41'),(2991,1,'[菜单管理] 修改','123.149.213.231','2018-05-23 19:09:31'),(2992,1,'[菜单管理] 修改','123.149.213.231','2018-05-23 19:10:09'),(2993,1,'登陆系统','59.109.216.236','2018-05-24 08:51:00'),(2994,1,'登陆系统','118.187.53.6','2018-05-24 09:34:38'),(2995,1,'登陆系统','118.187.53.6','2018-05-24 14:11:09'),(2996,1,'[在线用户] 导出cvs','118.187.53.6','2018-05-24 14:11:57'),(2997,1,'登陆系统','123.149.213.231','2018-05-24 15:24:11'),(2998,1,'[在线用户] 修改','123.149.213.231','2018-05-24 15:24:22'),(2999,1,'登陆系统','123.149.208.25','2018-05-24 18:00:57'),(3000,1,'[在线用户] 修改','123.149.208.25','2018-05-24 18:01:07'),(3001,1,'登陆系统','111.18.41.247','2018-05-24 20:24:16'),(3002,1,'[设备记录] 修改','111.18.41.247','2018-05-24 20:28:23'),(3003,1,'[设备记录] 修改','111.18.41.247','2018-05-24 21:42:21'),(3004,1,'[设备记录] 修改','111.18.41.247','2018-05-24 21:43:34'),(3005,1,'[设备记录] 修改','111.18.41.247','2018-05-24 21:45:39'),(3006,1,'[设备记录] 修改','111.18.41.247','2018-05-24 21:46:25'),(3007,1,'[设备记录] 修改','111.18.41.247','2018-05-24 21:47:29'),(3008,1,'[设备记录] 修改','111.18.41.247','2018-05-24 21:47:45'),(3009,1,'[设备记录] 修改','111.18.41.247','2018-05-24 21:48:06'),(3010,1,'设备公司测试-有线联网:356566071249973被删除','111.18.41.247','2018-05-24 21:49:09'),(3011,1,'[设备记录] 删除','111.18.41.247','2018-05-24 21:49:09'),(3012,1,'登陆系统','118.187.53.6','2018-05-25 09:39:20'),(3013,1,'登陆系统','118.187.53.6','2018-05-25 09:41:06'),(3014,1,'登陆系统','123.149.208.25','2018-05-25 10:41:10'),(3015,1,'[设备记录] 增加','123.149.212.41','2018-05-25 11:19:41'),(3016,1,'[设备记录] 修改','123.149.212.41','2018-05-25 11:22:08'),(3017,1,'[设备记录] 增加','123.149.210.236','2018-05-25 11:37:24'),(3018,1,'[设备记录] 修改','123.149.210.236','2018-05-25 11:37:43'),(3019,1,'[设备记录] 增加','123.149.210.236','2018-05-25 11:52:23'),(3020,1,'[设备记录] 修改','123.149.210.236','2018-05-25 11:52:42'),(3021,1,'[设备记录] 增加','123.149.212.41','2018-05-25 12:08:46'),(3022,1,'[设备记录] 修改','123.149.212.41','2018-05-25 12:09:00'),(3023,1,'[设备记录] 增加','123.149.212.41','2018-05-25 12:29:45'),(3024,1,'[设备记录] 修改','123.149.212.41','2018-05-25 12:29:59'),(3025,1,'[设备记录] 增加','123.149.210.236','2018-05-25 12:40:19'),(3026,1,'[设备记录] 修改','123.149.210.236','2018-05-25 12:40:31'),(3027,1,'[设备记录] 增加','123.149.210.236','2018-05-25 13:46:26'),(3028,1,'[设备记录] 修改','123.149.210.236','2018-05-25 13:46:47'),(3029,1,'[设备记录] 增加','123.149.210.236','2018-05-25 14:03:32'),(3030,1,'[设备记录] 修改','123.149.210.236','2018-05-25 14:03:45'),(3031,1,'[设备记录] 增加','123.149.210.236','2018-05-25 14:18:04'),(3032,1,'[设备记录] 修改','123.149.210.236','2018-05-25 14:18:17'),(3033,1,'[设备记录] 增加','123.149.210.236','2018-05-25 14:28:34'),(3034,1,'[设备记录] 修改','123.149.210.236','2018-05-25 14:29:06'),(3035,1,'[设备记录] 增加','123.149.212.41','2018-05-25 14:45:35'),(3036,1,'[设备记录] 修改','123.149.212.41','2018-05-25 14:46:09'),(3037,1,'[设备记录] 增加','123.149.210.236','2018-05-25 14:55:59'),(3038,1,'[设备记录] 修改','123.149.210.236','2018-05-25 14:56:12'),(3039,1,'[设备记录] 增加','123.149.210.236','2018-05-25 15:36:34'),(3040,1,'[设备记录] 修改','123.149.210.236','2018-05-25 15:36:46'),(3041,1,'[设备记录] 增加','123.149.210.236','2018-05-25 15:47:15'),(3042,1,'[设备记录] 修改','123.149.210.236','2018-05-25 15:47:27'),(3043,1,'[设备记录] 增加','123.149.210.236','2018-05-25 15:59:53'),(3044,1,'[设备记录] 修改','123.149.210.236','2018-05-25 16:00:05'),(3045,1,'[设备记录] 增加','123.149.212.41','2018-05-25 16:09:26'),(3046,1,'[设备记录] 修改','123.149.212.41','2018-05-25 16:09:41'),(3047,1,'[设备记录] 增加','123.149.212.41','2018-05-25 16:15:13'),(3048,1,'[设备记录] 修改','123.149.212.41','2018-05-25 16:15:28'),(3049,1,'登陆系统','118.187.53.6','2018-05-25 16:16:03'),(3050,1,'[设备记录] 增加','123.149.212.41','2018-05-25 16:54:08'),(3051,1,'[设备记录] 修改','123.149.212.41','2018-05-25 16:54:22'),(3052,1,'[设备记录] 增加','123.149.212.41','2018-05-25 16:59:24'),(3053,1,'[设备记录] 修改','123.149.212.41','2018-05-25 16:59:42'),(3054,1,'[设备记录] 增加','123.149.210.236','2018-05-25 17:04:45'),(3055,1,'[设备记录] 修改','123.149.210.236','2018-05-25 17:04:59'),(3056,1,'[设备记录] 增加','123.149.210.236','2018-05-25 17:13:28'),(3057,1,'[设备记录] 修改','123.149.210.236','2018-05-25 17:13:47'),(3058,1,'[设备记录] 增加','123.149.212.41','2018-05-25 17:23:51'),(3059,1,'[设备记录] 修改','123.149.212.41','2018-05-25 17:24:09'),(3060,1,'[设备记录] 增加','123.149.210.236','2018-05-25 17:32:34'),(3061,1,'[设备记录] 修改','123.149.210.236','2018-05-25 17:32:46'),(3062,1,'[设备记录] 增加','123.149.212.41','2018-05-25 17:49:01'),(3063,1,'[设备记录] 修改','123.149.212.41','2018-05-25 17:49:15'),(3064,1,'[设备记录] 增加','123.149.212.41','2018-05-25 18:04:58'),(3065,1,'[设备记录] 修改','123.149.212.41','2018-05-25 18:05:13'),(3066,1,'[设备记录] 增加','123.149.212.41','2018-05-25 18:13:53'),(3067,1,'[设备记录] 修改','123.149.212.41','2018-05-25 18:14:07'),(3068,1,'[设备记录] 增加','123.149.210.236','2018-05-25 18:22:53'),(3069,1,'[设备记录] 修改','123.149.210.236','2018-05-25 18:23:04'),(3070,1,'[设备记录] 增加','123.149.210.236','2018-05-25 18:36:33'),(3071,1,'[设备记录] 修改','123.149.210.236','2018-05-25 18:36:47'),(3072,1,'[设备记录] 增加','123.149.212.41','2018-05-25 18:42:54'),(3073,1,'[设备记录] 修改','123.149.212.41','2018-05-25 18:43:09'),(3074,1,'[设备记录] 增加','123.149.210.236','2018-05-25 18:57:08'),(3075,1,'[设备记录] 修改','123.149.210.236','2018-05-25 18:57:22'),(3076,1,'[设备记录] 增加','123.149.210.236','2018-05-25 19:11:24'),(3077,1,'[设备记录] 修改','123.149.210.236','2018-05-25 19:11:41'),(3078,1,'[在线用户] 修改','123.149.212.41','2018-05-25 19:17:36'),(3079,1,'[设备记录] 增加','123.149.210.236','2018-05-25 19:26:11'),(3080,1,'[设备记录] 修改','123.149.210.236','2018-05-25 19:26:28'),(3081,1,'[设备记录] 增加','123.149.212.41','2018-05-25 19:30:39'),(3082,1,'[设备记录] 修改','123.149.212.41','2018-05-25 19:30:52'),(3083,1,'登陆系统','123.149.210.236','2018-05-25 19:43:31'),(3084,1,'[设备记录] 增加','123.149.210.236','2018-05-25 19:44:16'),(3085,1,'[设备记录] 修改','123.149.210.236','2018-05-25 19:44:28'),(3086,1,'登陆系统','123.149.212.41','2018-05-26 10:24:18'),(3087,1,'登陆系统','113.143.141.196','2018-05-27 11:21:34'),(3088,1,'登陆系统','113.143.141.196','2018-05-27 15:04:30'),(3089,1,'[设备记录] 修改','113.143.141.196','2018-05-27 15:08:31'),(3090,1,'[设备记录] 修改','113.143.141.196','2018-05-27 15:09:29'),(3091,1,'[设备记录] 修改','113.143.141.196','2018-05-27 15:10:16'),(3092,1,'[设备记录] 修改','113.143.141.196','2018-05-27 15:10:25'),(3093,1,'登陆系统','115.171.61.188','2018-05-27 17:48:17'),(3094,1,'登陆系统','113.143.141.196','2018-05-27 18:30:46'),(3095,1,'[优惠设置] 修改','113.143.141.196','2018-05-27 19:07:05'),(3096,1,'[优惠设置] 修改','113.143.141.196','2018-05-27 19:07:16'),(3097,1,'[优惠设置] 修改','113.143.141.196','2018-05-27 19:07:29'),(3098,1,'[优惠设置] 修改','113.143.141.196','2018-05-27 19:07:37'),(3099,1,'[优惠设置] 修改','113.143.141.196','2018-05-27 19:07:45'),(3100,1,'[优惠设置] 修改','113.143.141.196','2018-05-27 19:07:52'),(3101,1,'[优惠设置] 修改','113.143.141.196','2018-05-27 19:08:00'),(3102,1,'[优惠设置] 修改','113.143.141.196','2018-05-27 19:08:09'),(3103,1,'[优惠设置] 修改','113.143.141.196','2018-05-27 19:08:19'),(3104,1,'[优惠设置] 修改','113.143.141.196','2018-05-27 19:08:25'),(3105,1,'登陆系统','118.187.53.6','2018-05-28 10:00:09'),(3106,1,'退出系统','118.187.53.6','2018-05-28 10:19:30'),(3107,1,'登陆系统','111.18.41.252','2018-05-28 11:29:39'),(3108,1,'登陆系统','123.149.210.71','2018-05-28 11:31:38'),(3109,1,'[设备记录] 增加','123.149.210.71','2018-05-28 11:46:17'),(3110,1,'[设备记录] 修改','123.149.210.71','2018-05-28 11:46:42'),(3111,1,'[设备记录] 增加','123.149.208.212','2018-05-28 11:56:47'),(3112,1,'[设备记录] 修改','123.149.208.212','2018-05-28 11:57:02'),(3113,1,'登陆系统','111.18.41.252','2018-05-28 13:40:12'),(3114,1,'[设备记录] 增加','123.149.210.71','2018-05-28 13:55:01'),(3115,1,'[设备记录] 修改','123.149.210.71','2018-05-28 13:55:22'),(3116,1,'[设备记录] 增加','123.149.208.212','2018-05-28 14:16:15'),(3117,1,'[设备记录] 修改','123.149.208.212','2018-05-28 14:16:29'),(3118,1,'[设备记录] 增加','123.149.208.212','2018-05-28 14:29:56'),(3119,1,'[设备记录] 修改','123.149.208.212','2018-05-28 14:30:08'),(3120,1,'[设备记录] 增加','123.149.208.212','2018-05-28 14:39:29'),(3121,1,'[设备记录] 修改','123.149.208.212','2018-05-28 14:39:45'),(3122,1,'[设备记录] 增加','123.149.208.212','2018-05-28 14:48:13'),(3123,1,'[设备记录] 修改','123.149.208.212','2018-05-28 14:48:27'),(3124,1,'[设备记录] 增加','123.149.208.212','2018-05-28 15:02:33'),(3125,1,'[设备记录] 修改','123.149.208.212','2018-05-28 15:02:46'),(3126,1,'[设备记录] 增加','123.149.210.71','2018-05-28 15:13:56'),(3127,1,'[设备记录] 修改','123.149.210.71','2018-05-28 15:14:27'),(3128,1,'登陆系统','59.109.216.225','2018-05-28 15:16:21'),(3129,1,'[设备记录] 增加','123.149.208.212','2018-05-28 15:51:43'),(3130,1,'[设备记录] 修改','123.149.208.212','2018-05-28 15:52:01'),(3131,1,'[设备记录] 增加','123.149.208.212','2018-05-28 16:02:15'),(3132,1,'[设备记录] 修改','123.149.208.212','2018-05-28 16:02:38'),(3133,1,'[设备记录] 增加','123.149.210.71','2018-05-28 16:57:22'),(3134,1,'[设备记录] 修改','123.149.210.71','2018-05-28 16:57:34'),(3135,1,'[设备记录] 增加','123.149.210.71','2018-05-28 17:04:05'),(3136,1,'[设备记录] 修改','123.149.210.71','2018-05-28 17:04:16'),(3137,1,'[设备记录] 增加','123.149.208.212','2018-05-28 17:12:29'),(3138,1,'[设备记录] 修改','123.149.208.212','2018-05-28 17:12:42'),(3139,1,'[设备记录] 增加','123.149.210.71','2018-05-28 17:18:26'),(3140,1,'[设备记录] 修改','123.149.210.71','2018-05-28 17:18:38'),(3141,1,'[设备记录] 增加','123.149.208.212','2018-05-28 17:24:06'),(3142,1,'[设备记录] 修改','123.149.208.212','2018-05-28 17:24:17'),(3143,1,'登陆系统','111.18.41.252','2018-05-28 17:25:45'),(3144,1,'[优惠设置] 修改','111.18.41.252','2018-05-28 17:44:38'),(3145,1,'[优惠设置] 修改','111.18.41.252','2018-05-28 17:45:28'),(3146,1,'[优惠设置] 修改','111.18.41.252','2018-05-28 17:49:03'),(3147,1,'[优惠设置] 修改','111.18.41.252','2018-05-28 17:50:25'),(3148,1,'[设备记录] 增加','123.149.210.71','2018-05-28 17:55:27'),(3149,1,'[设备记录] 修改','123.149.210.71','2018-05-28 17:55:38'),(3150,1,'[设备记录] 增加','123.149.210.71','2018-05-28 18:01:32'),(3151,1,'[设备记录] 修改','123.149.210.71','2018-05-28 18:01:45'),(3152,1,'[设备记录] 增加','123.149.210.71','2018-05-28 18:07:36'),(3153,1,'[设备记录] 修改','123.149.210.71','2018-05-28 18:07:50'),(3154,1,'[设备记录] 增加','123.149.210.71','2018-05-28 18:13:35'),(3155,1,'[设备记录] 修改','123.149.210.71','2018-05-28 18:13:47'),(3156,1,'设备290000064:356566077060317被删除','123.149.208.212','2018-05-28 18:28:11'),(3157,1,'[设备记录] 删除','123.149.208.212','2018-05-28 18:28:11'),(3158,1,'[设备记录] 增加','123.149.208.212','2018-05-28 18:29:21'),(3159,1,'[设备记录] 修改','123.149.208.212','2018-05-28 18:29:36'),(3160,1,'[优惠设置] 修改','111.18.41.252','2018-05-28 18:45:41'),(3161,1,'设备290000064:356566077060622被删除','123.149.208.212','2018-05-28 18:50:48'),(3162,1,'[设备记录] 删除','123.149.208.212','2018-05-28 18:50:48'),(3163,1,'[设备记录] 增加','123.149.210.71','2018-05-28 18:54:32'),(3164,1,'[设备记录] 修改','123.149.210.71','2018-05-28 18:54:44'),(3165,1,'[设备记录] 增加','123.149.208.212','2018-05-28 19:00:56'),(3166,1,'[设备记录] 修改','123.149.208.212','2018-05-28 19:01:11'),(3167,1,'[设备记录] 增加','123.149.208.212','2018-05-28 19:11:27'),(3168,1,'[设备记录] 修改','123.149.208.212','2018-05-28 19:11:44'),(3169,1,'[设备记录] 增加','123.149.208.212','2018-05-28 19:17:05'),(3170,1,'[设备记录] 修改','123.149.208.212','2018-05-28 19:17:19'),(3171,1,'[设备记录] 增加','123.149.210.71','2018-05-28 19:22:24'),(3172,1,'[设备记录] 修改','123.149.210.71','2018-05-28 19:22:35'),(3173,1,'[设备记录] 增加','123.149.210.71','2018-05-28 19:27:40'),(3174,1,'[设备记录] 修改','123.149.210.71','2018-05-28 19:27:52'),(3175,1,'[设备记录] 增加','123.149.210.71','2018-05-28 19:33:06'),(3176,1,'[设备记录] 修改','123.149.210.71','2018-05-28 19:33:18'),(3177,1,'[设备记录] 增加','123.149.210.71','2018-05-28 19:38:41'),(3178,1,'[设备记录] 修改','123.149.210.71','2018-05-28 19:38:57'),(3179,1,'[设备记录] 增加','123.149.210.71','2018-05-28 19:48:00'),(3180,1,'[设备记录] 修改','123.149.210.71','2018-05-28 19:48:12'),(3181,1,'[设备记录] 增加','123.149.208.212','2018-05-28 19:58:49'),(3182,1,'[设备记录] 修改','123.149.208.212','2018-05-28 19:58:59'),(3183,1,'[设备记录] 增加','123.149.210.71','2018-05-28 20:07:24'),(3184,1,'[设备记录] 修改','123.149.210.71','2018-05-28 20:07:34'),(3185,1,'[设备记录] 增加','123.149.208.212','2018-05-28 20:15:20'),(3186,1,'[设备记录] 修改','123.149.208.212','2018-05-28 20:15:36'),(3187,1,'[设备记录] 增加','123.149.208.212','2018-05-28 20:23:02'),(3188,1,'[设备记录] 修改','123.149.208.212','2018-05-28 20:23:12'),(3189,1,'登陆系统','59.109.216.225','2018-05-29 09:23:46'),(3190,1,'登陆系统','118.187.53.6','2018-05-29 09:31:27'),(3191,1,'登陆系统','111.18.41.252','2018-05-29 10:14:19'),(3192,1,'登陆系统','123.149.210.71','2018-05-29 10:33:12'),(3193,1,'[设备记录] 增加','123.149.210.71','2018-05-29 10:45:29'),(3194,1,'[设备记录] 修改','123.149.210.71','2018-05-29 10:45:49'),(3195,1,'[设备记录] 增加','123.149.210.71','2018-05-29 11:12:16'),(3196,1,'[设备记录] 修改','123.149.210.71','2018-05-29 11:12:26'),(3197,1,'[设备记录] 增加','123.149.210.71','2018-05-29 11:19:19'),(3198,1,'[设备记录] 修改','123.149.210.71','2018-05-29 11:19:37'),(3199,1,'登陆系统','118.187.53.6','2018-05-29 11:55:07'),(3200,1,'[设备记录] 增加','123.149.208.212','2018-05-29 12:16:17'),(3201,1,'[设备记录] 修改','123.149.208.212','2018-05-29 12:16:32'),(3202,1,'登陆系统','59.109.216.225','2018-05-29 12:43:45'),(3203,1,'[设备记录] 增加','123.149.208.212','2018-05-29 14:13:37'),(3204,1,'[设备记录] 修改','123.149.208.212','2018-05-29 14:13:46'),(3205,1,'[设备记录] 增加','123.149.208.212','2018-05-29 14:25:51'),(3206,1,'[设备记录] 修改','123.149.208.212','2018-05-29 14:26:02'),(3207,1,'[设备记录] 增加','123.149.210.71','2018-05-29 14:34:23'),(3208,1,'[设备记录] 修改','123.149.210.71','2018-05-29 14:34:34'),(3209,1,'[设备记录] 增加','123.149.210.71','2018-05-29 14:43:04'),(3210,1,'[设备记录] 修改','123.149.210.71','2018-05-29 14:43:16'),(3211,1,'登陆系统','118.187.53.6','2018-05-29 14:44:11'),(3212,1,'[设备记录] 增加','123.149.210.71','2018-05-29 14:53:10'),(3213,1,'[设备记录] 修改','123.149.210.71','2018-05-29 14:53:22'),(3214,1,'[设备记录] 增加','123.149.210.71','2018-05-29 15:03:26'),(3215,1,'[设备记录] 修改','123.149.210.71','2018-05-29 15:03:43'),(3216,1,'[设备记录] 增加','123.149.210.71','2018-05-29 15:09:35'),(3217,1,'[设备记录] 修改','123.149.210.71','2018-05-29 15:09:46'),(3218,1,'[设备记录] 增加','123.149.210.71','2018-05-29 15:27:29'),(3219,1,'[设备记录] 修改','123.149.210.71','2018-05-29 15:27:42'),(3220,1,'[设备记录] 增加','123.149.210.71','2018-05-29 15:45:16'),(3221,1,'[设备记录] 修改','123.149.210.71','2018-05-29 15:45:27'),(3222,1,'[设备记录] 增加','123.149.210.71','2018-05-29 15:51:19'),(3223,1,'[设备记录] 修改','123.149.210.71','2018-05-29 15:51:30'),(3224,1,'[设备记录] 增加','123.149.208.212','2018-05-29 16:02:17'),(3225,1,'[设备记录] 增加','123.149.210.71','2018-05-29 16:18:09'),(3226,1,'[设备记录] 修改','123.149.210.71','2018-05-29 16:18:20'),(3227,1,'[设备记录] 修改','123.149.210.71','2018-05-29 16:19:00'),(3228,1,'[设备记录] 增加','123.149.210.71','2018-05-29 16:28:34'),(3229,1,'[设备记录] 修改','123.149.210.71','2018-05-29 16:28:45'),(3230,1,'[设备记录] 增加','123.149.208.212','2018-05-29 16:37:00'),(3231,1,'[设备记录] 修改','123.149.208.212','2018-05-29 16:37:13'),(3232,1,'[设备记录] 增加','123.149.210.71','2018-05-29 16:46:06'),(3233,1,'[设备记录] 修改','123.149.210.71','2018-05-29 16:46:17'),(3234,1,'登陆系统','111.18.41.252','2018-05-29 16:48:41'),(3235,1,'[设备记录] 增加','123.149.210.71','2018-05-29 16:57:12'),(3236,1,'[设备记录] 修改','123.149.210.71','2018-05-29 16:57:33'),(3237,1,'[设备记录] 增加','123.149.210.71','2018-05-29 17:10:07'),(3238,1,'[设备记录] 修改','123.149.210.71','2018-05-29 17:10:18'),(3239,1,'[设备记录] 增加','123.149.210.71','2018-05-29 17:19:03'),(3240,1,'[设备记录] 修改','123.149.210.71','2018-05-29 17:19:14'),(3241,1,'[设备记录] 增加','123.149.210.71','2018-05-29 17:32:57'),(3242,1,'[设备记录] 修改','123.149.210.71','2018-05-29 17:33:11'),(3243,1,'[设备记录] 增加','123.149.208.212','2018-05-29 17:50:19'),(3244,1,'[设备记录] 修改','123.149.208.212','2018-05-29 17:50:30'),(3245,1,'[设备记录] 增加','123.149.210.71','2018-05-29 18:16:48'),(3246,1,'[设备记录] 修改','123.149.210.71','2018-05-29 18:17:02'),(3247,1,'[设备记录] 增加','123.149.210.71','2018-05-29 18:26:41'),(3248,1,'[设备记录] 修改','123.149.210.71','2018-05-29 18:26:52'),(3249,1,'[设备记录] 增加','123.149.208.212','2018-05-29 18:40:24'),(3250,1,'[设备记录] 修改','123.149.208.212','2018-05-29 18:40:35'),(3251,1,'[设备记录] 增加','123.149.210.71','2018-05-29 19:06:52'),(3252,1,'[设备记录] 修改','123.149.210.71','2018-05-29 19:07:05'),(3253,1,'[设备记录] 增加','123.149.208.212','2018-05-29 19:15:32'),(3254,1,'[设备记录] 修改','123.149.208.212','2018-05-29 19:15:51'),(3255,1,'[设备记录] 增加','123.149.210.71','2018-05-29 19:23:31'),(3256,1,'[设备记录] 修改','123.149.210.71','2018-05-29 19:23:46'),(3257,1,'[设备记录] 增加','123.149.208.212','2018-05-29 19:31:08'),(3258,1,'[设备记录] 修改','123.149.208.212','2018-05-29 19:31:19'),(3259,1,'[设备记录] 增加','123.149.210.71','2018-05-29 19:43:30'),(3260,1,'[设备记录] 修改','123.149.210.71','2018-05-29 19:43:43'),(3261,1,'[设备记录] 增加','123.149.210.71','2018-05-29 19:48:18'),(3262,1,'[设备记录] 修改','123.149.210.71','2018-05-29 19:48:31'),(3263,1,'[设备记录] 增加','123.149.210.71','2018-05-29 19:50:52'),(3264,1,'[设备记录] 修改','123.149.210.71','2018-05-29 19:51:03'),(3265,1,'登陆系统','111.18.41.252','2018-05-29 21:28:04'),(3266,1,'登陆系统','118.187.53.6','2018-05-30 09:19:57'),(3267,1,'登陆系统','118.187.53.6','2018-05-30 09:27:18'),(3268,1,'[消费记录] 导出cvs','118.187.53.6','2018-05-30 10:04:34'),(3269,1,'登陆系统','117.36.17.168','2018-05-30 10:04:50'),(3270,1,'[消费记录] 导出cvs','118.187.53.6','2018-05-30 10:59:08'),(3271,1,'登陆系统','118.187.53.6','2018-05-30 11:37:26'),(3272,1,'登陆系统','123.149.208.212','2018-05-30 12:49:09'),(3273,1,'[优惠设置] 修改','123.149.208.212','2018-05-30 12:50:59'),(3274,1,'[优惠设置] 修改','123.149.208.212','2018-05-30 12:51:48'),(3275,1,'[优惠设置] 修改','123.149.208.212','2018-05-30 12:52:46'),(3276,1,'登陆系统','1.81.93.190','2018-05-30 13:35:38'),(3277,1,'[优惠设置] 修改','1.81.93.190','2018-05-30 13:37:48'),(3278,1,'[优惠设置] 修改','1.81.93.190','2018-05-30 13:38:32'),(3279,1,'[优惠设置] 修改','1.81.93.190','2018-05-30 13:38:47'),(3280,1,'[优惠设置] 修改','1.81.93.190','2018-05-30 13:39:34'),(3281,1,'[优惠设置] 修改','1.81.93.190','2018-05-30 13:40:20'),(3282,1,'[优惠设置] 修改','1.81.93.190','2018-05-30 13:41:58'),(3283,1,'[优惠设置] 修改','1.81.93.190','2018-05-30 13:42:21'),(3284,1,'[优惠设置] 修改','1.81.93.190','2018-05-30 13:42:35'),(3285,1,'[优惠设置] 修改','1.81.93.190','2018-05-30 13:43:02'),(3286,1,'[优惠设置] 修改','1.81.93.190','2018-05-30 13:43:15'),(3287,1,'[设备记录] 修改','1.81.93.190','2018-05-30 13:57:12'),(3288,1,'登陆系统','118.187.53.6','2018-05-30 15:32:12'),(3289,1,'[优惠设置] 修改','36.46.10.191','2018-05-30 15:38:40'),(3290,1,'登陆系统','118.187.53.6','2018-05-30 15:38:43'),(3291,1,'[优惠设置] 修改','36.46.10.191','2018-05-30 15:44:52'),(3292,1,'[优惠设置] 修改','36.46.10.191','2018-05-30 15:48:43'),(3293,1,'登陆系统','117.33.61.4','2018-05-30 18:55:20'),(3294,1,'[在线用户] 修改','117.33.61.4','2018-05-30 19:13:43'),(3295,1,'[在线用户] 修改','117.33.61.4','2018-05-30 19:14:34'),(3296,1,'[在线用户] 修改','111.18.41.254','2018-05-30 19:58:12'),(3297,1,'[设备记录] 修改','111.18.41.254','2018-05-30 21:52:03'),(3298,1,'[设备记录] 修改','111.18.41.254','2018-05-30 21:53:17'),(3299,1,'[设备记录] 修改','111.18.41.254','2018-05-30 21:54:08'),(3300,1,'[设备记录] 修改','111.18.41.254','2018-05-30 21:54:31'),(3301,1,'[设备记录] 修改','111.18.41.254','2018-05-30 21:55:20'),(3302,1,'[设备记录] 修改','111.18.41.254','2018-05-30 21:57:32'),(3303,1,'[设备记录] 修改','111.18.41.254','2018-05-30 21:58:28'),(3304,1,'[设备记录] 修改','111.18.41.254','2018-05-30 21:59:48'),(3305,1,'[设备记录] 修改','111.18.41.254','2018-05-30 22:00:39'),(3306,1,'[设备记录] 修改','111.18.41.254','2018-05-30 22:01:19'),(3307,1,'[设备记录] 修改','111.18.41.254','2018-05-30 22:01:55'),(3308,1,'[设备记录] 修改','111.18.41.254','2018-05-30 22:03:22'),(3309,1,'[设备记录] 修改','111.18.41.254','2018-05-30 22:03:41'),(3310,1,'[设备记录] 修改','111.18.41.254','2018-05-30 22:03:52'),(3311,1,'[设备记录] 修改','111.18.41.254','2018-05-30 22:04:15'),(3312,1,'[设备记录] 修改','111.18.41.254','2018-05-30 22:04:40'),(3313,1,'[设备记录] 修改','111.18.41.254','2018-05-30 22:04:50'),(3314,1,'[设备记录] 修改','111.18.41.254','2018-05-30 22:04:55'),(3315,1,'[在线用户] 修改','111.18.41.254','2018-05-30 22:09:28'),(3316,1,'登陆系统','111.18.41.254','2018-05-30 22:17:49'),(3317,1,'登陆系统','111.18.41.245','2018-05-31 09:28:26'),(3318,1,'登陆系统','118.187.53.6','2018-05-31 09:57:34'),(3319,1,'[功率日志] 导出cvs','111.18.41.245','2018-05-31 10:01:25'),(3320,1,'登陆系统','123.149.208.212','2018-05-31 10:17:00'),(3321,1,'[设备记录] 增加','123.149.208.212','2018-05-31 10:26:06'),(3322,1,'[设备记录] 修改','123.149.208.212','2018-05-31 10:27:44'),(3323,1,'[设备记录] 修改','123.149.208.212','2018-05-31 10:28:17'),(3324,1,'[设备记录] 修改','123.149.210.71','2018-05-31 10:31:22'),(3325,1,'[设备记录] 增加','123.149.210.71','2018-05-31 10:37:10'),(3326,1,'[设备记录] 修改','123.149.210.71','2018-05-31 10:37:50'),(3327,1,'[设备记录] 增加','123.149.210.71','2018-05-31 10:40:19'),(3328,1,'[设备记录] 修改','123.149.210.71','2018-05-31 10:40:45'),(3329,1,'[设备记录] 增加','123.149.210.71','2018-05-31 10:43:18'),(3330,1,'[设备记录] 修改','123.149.210.71','2018-05-31 10:43:40'),(3331,1,'[设备记录] 增加','123.149.210.71','2018-05-31 10:46:15'),(3332,1,'[设备记录] 修改','123.149.212.174','2018-05-31 10:46:54'),(3333,1,'[设备记录] 修改','123.149.212.174','2018-05-31 10:48:49'),(3334,1,'[设备记录] 增加','123.149.212.174','2018-05-31 10:51:13'),(3335,1,'[设备记录] 修改','123.149.212.174','2018-05-31 10:51:39'),(3336,1,'[设备记录] 增加','123.149.212.174','2018-05-31 10:54:37'),(3337,1,'[设备记录] 修改','123.149.212.174','2018-05-31 10:55:04'),(3338,1,'[设备记录] 增加','123.149.212.174','2018-05-31 10:57:09'),(3339,1,'[设备记录] 修改','123.149.212.174','2018-05-31 10:57:43'),(3340,1,'[设备记录] 增加','123.149.212.174','2018-05-31 10:59:35'),(3341,1,'[设备记录] 修改','123.149.212.174','2018-05-31 11:00:01'),(3342,1,'[设备记录] 增加','123.149.212.174','2018-05-31 11:03:00'),(3343,1,'[设备记录] 修改','123.149.212.174','2018-05-31 11:03:28'),(3344,1,'[设备记录] 增加','123.149.212.54','2018-05-31 11:07:44'),(3345,1,'[设备记录] 修改','123.149.212.54','2018-05-31 11:08:07'),(3346,1,'[设备记录] 增加','123.149.212.54','2018-05-31 11:10:09'),(3347,1,'[设备记录] 修改','123.149.212.54','2018-05-31 11:10:36'),(3348,1,'[设备记录] 增加','123.149.212.174','2018-05-31 11:23:29'),(3349,1,'[设备记录] 修改','123.149.212.174','2018-05-31 11:23:52'),(3350,1,'[设备记录] 增加','123.149.212.174','2018-05-31 11:27:02'),(3351,1,'[设备记录] 修改','123.149.212.174','2018-05-31 11:27:22'),(3352,1,'[设备记录] 增加','123.149.212.174','2018-05-31 11:29:06'),(3353,1,'[设备记录] 修改','123.149.212.174','2018-05-31 11:29:25'),(3354,1,'[设备记录] 增加','123.149.212.174','2018-05-31 11:31:11'),(3355,1,'[设备记录] 修改','123.149.212.174','2018-05-31 11:31:33'),(3356,1,'[设备记录] 增加','123.149.212.174','2018-05-31 11:33:55'),(3357,1,'[设备记录] 修改','123.149.212.174','2018-05-31 11:34:17'),(3358,1,'[设备记录] 增加','123.149.212.174','2018-05-31 11:36:40'),(3359,1,'[设备记录] 修改','123.149.212.174','2018-05-31 11:37:02'),(3360,1,'[设备记录] 增加','123.149.212.174','2018-05-31 11:40:36'),(3361,1,'[设备记录] 修改','123.149.212.174','2018-05-31 11:40:57'),(3362,1,'[设备记录] 增加','123.149.212.54','2018-05-31 11:45:13'),(3363,1,'[设备记录] 修改','123.149.212.54','2018-05-31 11:45:44'),(3364,1,'[设备记录] 增加','123.149.212.54','2018-05-31 11:47:15'),(3365,1,'[设备记录] 修改','123.149.212.54','2018-05-31 11:47:36'),(3366,1,'[设备记录] 增加','123.149.212.54','2018-05-31 11:49:43'),(3367,1,'[设备记录] 修改','123.149.212.54','2018-05-31 11:50:01'),(3368,1,'[设备记录] 增加','123.149.212.54','2018-05-31 11:51:40'),(3369,1,'[设备记录] 修改','123.149.212.54','2018-05-31 11:51:58'),(3370,1,'[设备记录] 增加','123.149.212.54','2018-05-31 11:53:30'),(3371,1,'[设备记录] 修改','123.149.212.54','2018-05-31 11:54:00'),(3372,1,'[设备记录] 增加','123.149.212.54','2018-05-31 11:55:27'),(3373,1,'[设备记录] 修改','123.149.212.54','2018-05-31 11:55:45'),(3374,1,'[设备记录] 增加','123.149.212.54','2018-05-31 11:59:02'),(3375,1,'[设备记录] 修改','123.149.212.54','2018-05-31 11:59:24'),(3376,1,'[设备记录] 增加','123.149.212.54','2018-05-31 12:01:48'),(3377,1,'[设备记录] 修改','123.149.212.54','2018-05-31 12:02:09'),(3378,1,'[设备记录] 增加','123.149.212.54','2018-05-31 12:04:51'),(3379,1,'[设备记录] 修改','123.149.212.54','2018-05-31 12:05:06'),(3380,1,'[设备记录] 增加','123.149.212.54','2018-05-31 12:07:22'),(3381,1,'登陆系统','111.18.41.245','2018-05-31 12:07:23'),(3382,1,'[设备记录] 修改','123.149.212.54','2018-05-31 12:07:42'),(3383,1,'[设备记录] 增加','123.149.212.54','2018-05-31 12:09:42'),(3384,1,'[设备记录] 修改','123.149.212.54','2018-05-31 12:10:00'),(3385,1,'[设备记录] 增加','123.149.212.54','2018-05-31 12:11:55'),(3386,1,'[设备记录] 修改','123.149.212.54','2018-05-31 12:12:13'),(3387,1,'[设备记录] 增加','123.149.212.174','2018-05-31 12:16:04'),(3388,1,'[设备记录] 修改','123.149.212.174','2018-05-31 12:16:25'),(3389,1,'[设备记录] 增加','123.149.212.54','2018-05-31 12:22:21'),(3390,1,'[设备记录] 修改','123.149.212.54','2018-05-31 12:22:38'),(3391,1,'[设备记录] 增加','123.149.212.174','2018-05-31 13:19:01'),(3392,1,'[设备记录] 修改','123.149.212.174','2018-05-31 13:19:26'),(3393,1,'[设备记录] 增加','123.149.212.174','2018-05-31 13:21:07'),(3394,1,'[设备记录] 修改','123.149.212.174','2018-05-31 13:21:49'),(3395,1,'登陆系统','111.18.41.245','2018-05-31 13:22:13'),(3396,1,'[设备记录] 增加','123.149.212.174','2018-05-31 13:23:45'),(3397,1,'[设备记录] 修改','123.149.212.174','2018-05-31 13:24:05'),(3398,1,'[设备记录] 增加','123.149.212.174','2018-05-31 13:26:39'),(3399,1,'[设备记录] 修改','123.149.212.174','2018-05-31 13:26:57'),(3400,1,'[设备记录] 增加','123.149.212.174','2018-05-31 13:28:56'),(3401,1,'[设备记录] 修改','123.149.212.174','2018-05-31 13:29:17'),(3402,1,'[设备记录] 增加','123.149.212.174','2018-05-31 13:31:06'),(3403,1,'[设备记录] 修改','123.149.212.174','2018-05-31 13:31:26'),(3404,1,'[设备记录] 增加','123.149.212.174','2018-05-31 13:33:29'),(3405,1,'[设备记录] 修改','123.149.212.174','2018-05-31 13:33:51'),(3406,1,'[设备记录] 增加','123.149.212.174','2018-05-31 13:35:48'),(3407,1,'[设备记录] 修改','123.149.212.174','2018-05-31 13:36:07'),(3408,1,'[设备记录] 增加','123.149.212.174','2018-05-31 13:39:45'),(3409,1,'[设备记录] 修改','123.149.212.174','2018-05-31 13:41:00'),(3410,1,'设备290000145:356566077036820被删除','123.149.212.174','2018-05-31 13:43:22'),(3411,1,'[设备记录] 删除','123.149.212.174','2018-05-31 13:43:22'),(3412,1,'[设备记录] 增加','123.149.212.174','2018-05-31 13:44:17'),(3413,1,'[设备记录] 修改','123.149.212.174','2018-05-31 13:44:34'),(3414,1,'[设备记录] 增加','123.149.212.174','2018-05-31 13:46:47'),(3415,1,'[设备记录] 修改','123.149.212.174','2018-05-31 13:47:29'),(3416,1,'[设备记录] 增加','123.149.212.174','2018-05-31 13:50:00'),(3417,1,'[设备记录] 修改','123.149.212.174','2018-05-31 13:50:27'),(3418,1,'[设备记录] 增加','123.149.212.174','2018-05-31 13:52:30'),(3419,1,'[设备记录] 修改','123.149.212.174','2018-05-31 13:52:50'),(3420,1,'[设备记录] 增加','123.149.212.174','2018-05-31 13:54:39'),(3421,1,'[设备记录] 修改','123.149.212.174','2018-05-31 13:54:59'),(3422,1,'[设备记录] 增加','123.149.212.174','2018-05-31 13:56:38'),(3423,1,'[设备记录] 修改','123.149.212.174','2018-05-31 13:56:57'),(3424,1,'[设备记录] 增加','123.149.212.174','2018-05-31 13:59:05'),(3425,1,'[设备记录] 修改','123.149.212.174','2018-05-31 13:59:22'),(3426,1,'[设备记录] 增加','123.149.212.174','2018-05-31 14:01:07'),(3427,1,'[设备记录] 修改','123.149.212.174','2018-05-31 14:01:32'),(3428,1,'[设备记录] 增加','123.149.212.174','2018-05-31 14:03:34'),(3429,1,'[设备记录] 修改','123.149.212.174','2018-05-31 14:03:59'),(3430,1,'[设备记录] 增加','123.149.212.174','2018-05-31 14:05:53'),(3431,1,'[设备记录] 修改','123.149.212.174','2018-05-31 14:06:17'),(3432,1,'[设备记录] 增加','123.149.212.174','2018-05-31 14:07:57'),(3433,1,'[设备记录] 修改','123.149.212.174','2018-05-31 14:08:32'),(3434,1,'[设备记录] 增加','123.149.212.174','2018-05-31 14:10:16'),(3435,1,'[设备记录] 修改','123.149.212.174','2018-05-31 14:10:36'),(3436,1,'[设备记录] 增加','123.149.212.174','2018-05-31 14:12:05'),(3437,1,'[设备记录] 修改','123.149.212.174','2018-05-31 14:12:22'),(3438,1,'[设备记录] 增加','123.149.212.174','2018-05-31 14:13:51'),(3439,1,'[设备记录] 修改','123.149.212.174','2018-05-31 14:14:11'),(3440,1,'登陆系统','118.187.53.6','2018-05-31 14:15:17'),(3441,1,'[设备记录] 增加','123.149.212.174','2018-05-31 14:16:02'),(3442,1,'[设备记录] 修改','123.149.212.174','2018-05-31 14:16:23'),(3443,1,'[设备记录] 增加','123.149.212.174','2018-05-31 14:18:07'),(3444,1,'[设备记录] 修改','123.149.212.174','2018-05-31 14:18:23'),(3445,1,'[设备记录] 增加','123.149.212.174','2018-05-31 14:19:51'),(3446,1,'[设备记录] 修改','123.149.212.174','2018-05-31 14:20:08'),(3447,1,'[设备记录] 增加','123.149.212.174','2018-05-31 14:21:37'),(3448,1,'[设备记录] 修改','123.149.212.174','2018-05-31 14:21:57'),(3449,1,'[设备记录] 增加','123.149.212.174','2018-05-31 14:23:44'),(3450,1,'[设备记录] 修改','123.149.212.174','2018-05-31 14:24:01'),(3451,1,'登陆系统','118.187.53.6','2018-05-31 15:54:11'),(3452,1,'[设备记录] 增加','123.149.212.174','2018-05-31 15:57:19'),(3453,1,'[设备记录] 修改','123.149.212.174','2018-05-31 15:57:37'),(3454,1,'登陆系统','123.149.212.174','2018-05-31 16:01:24'),(3455,1,'[设备记录] 增加','123.149.212.174','2018-05-31 16:02:29'),(3456,1,'[设备记录] 修改','123.149.212.174','2018-05-31 16:02:45'),(3457,1,'[设备记录] 增加','123.149.212.174','2018-05-31 16:04:10'),(3458,1,'[设备记录] 修改','123.149.212.174','2018-05-31 16:04:27'),(3459,1,'[设备记录] 增加','123.149.212.174','2018-05-31 16:05:59'),(3460,1,'[设备记录] 修改','123.149.212.174','2018-05-31 16:06:21'),(3461,1,'[设备记录] 增加','123.149.212.174','2018-05-31 16:07:52'),(3462,1,'[设备记录] 修改','123.149.212.174','2018-05-31 16:08:11'),(3463,1,'[设备记录] 增加','123.149.212.174','2018-05-31 16:09:36'),(3464,1,'[设备记录] 修改','123.149.212.174','2018-05-31 16:09:57'),(3465,1,'[设备记录] 增加','123.149.212.174','2018-05-31 16:11:42'),(3466,1,'[设备记录] 修改','123.149.212.174','2018-05-31 16:11:59'),(3467,1,'[设备记录] 增加','123.149.212.174','2018-05-31 16:13:27'),(3468,1,'[设备记录] 修改','123.149.212.174','2018-05-31 16:13:44'),(3469,1,'[设备记录] 增加','123.149.212.174','2018-05-31 16:15:04'),(3470,1,'[设备记录] 修改','123.149.212.174','2018-05-31 16:15:24'),(3471,1,'[设备记录] 增加','123.149.212.174','2018-05-31 16:17:08'),(3472,1,'[设备记录] 修改','123.149.212.174','2018-05-31 16:17:26'),(3473,1,'[设备记录] 增加','123.149.212.174','2018-05-31 16:19:08'),(3474,1,'[设备记录] 修改','123.149.212.174','2018-05-31 16:19:26'),(3475,1,'[设备记录] 增加','123.149.212.174','2018-05-31 16:21:01'),(3476,1,'[设备记录] 修改','123.149.212.174','2018-05-31 16:21:22'),(3477,1,'[设备记录] 增加','123.149.212.174','2018-05-31 16:23:04'),(3478,1,'[设备记录] 修改','123.149.212.174','2018-05-31 16:23:23'),(3479,1,'[设备记录] 增加','123.149.212.174','2018-05-31 16:24:40'),(3480,1,'[设备记录] 修改','123.149.212.174','2018-05-31 16:24:59'),(3481,1,'[设备记录] 增加','123.149.212.174','2018-05-31 16:26:31'),(3482,1,'[设备记录] 修改','123.149.212.174','2018-05-31 16:27:06'),(3483,1,'[设备记录] 增加','123.149.212.174','2018-05-31 16:28:58'),(3484,1,'[设备记录] 修改','123.149.212.174','2018-05-31 16:29:18'),(3485,1,'[设备记录] 增加','123.149.212.174','2018-05-31 16:31:18'),(3486,1,'[设备记录] 修改','123.149.212.174','2018-05-31 16:31:34'),(3487,1,'[设备记录] 增加','123.149.212.174','2018-05-31 16:33:29'),(3488,1,'[设备记录] 修改','123.149.212.174','2018-05-31 16:33:48'),(3489,1,'[设备记录] 增加','123.149.212.174','2018-05-31 16:35:32'),(3490,1,'[设备记录] 修改','123.149.212.174','2018-05-31 16:35:49'),(3491,1,'[设备记录] 增加','123.149.212.174','2018-05-31 16:37:16'),(3492,1,'[设备记录] 修改','123.149.212.174','2018-05-31 16:37:34'),(3493,1,'[设备记录] 增加','123.149.212.174','2018-05-31 16:39:51'),(3494,1,'[设备记录] 修改','123.149.212.174','2018-05-31 16:40:08'),(3495,1,'[设备记录] 增加','123.149.212.174','2018-05-31 16:41:57'),(3496,1,'[设备记录] 修改','123.149.212.174','2018-05-31 16:42:18'),(3497,1,'[设备记录] 增加','123.149.212.174','2018-05-31 16:43:47'),(3498,1,'[设备记录] 修改','123.149.212.174','2018-05-31 16:44:05'),(3499,1,'[设备记录] 增加','123.149.212.174','2018-05-31 16:45:39'),(3500,1,'[设备记录] 修改','123.149.212.174','2018-05-31 16:45:56'),(3501,1,'[设备记录] 增加','123.149.212.174','2018-05-31 16:47:22'),(3502,1,'[设备记录] 修改','123.149.212.174','2018-05-31 16:47:37'),(3503,1,'[设备记录] 增加','123.149.212.174','2018-05-31 16:49:07'),(3504,1,'[设备记录] 修改','123.149.212.174','2018-05-31 16:49:23'),(3505,1,'[设备记录] 增加','123.149.212.174','2018-05-31 16:51:14'),(3506,1,'[设备记录] 修改','123.149.212.174','2018-05-31 16:51:29'),(3507,1,'[设备记录] 增加','123.149.212.174','2018-05-31 16:53:08'),(3508,1,'[设备记录] 修改','123.149.212.174','2018-05-31 16:53:33'),(3509,1,'[设备记录] 增加','123.149.212.174','2018-05-31 16:54:59'),(3510,1,'[设备记录] 修改','123.149.212.174','2018-05-31 16:55:14'),(3511,1,'[设备记录] 增加','123.149.212.174','2018-05-31 16:56:59'),(3512,1,'[设备记录] 修改','123.149.212.174','2018-05-31 16:57:16'),(3513,1,'登陆系统','111.18.41.245','2018-05-31 17:10:06'),(3514,1,'退出系统','111.18.41.245','2018-05-31 17:17:50'),(3515,1,'登陆系统','111.18.41.245','2018-05-31 17:18:04'),(3516,1,'登陆系统','111.18.41.245','2018-05-31 17:37:15'),(3517,1,'[设备记录] 修改','111.18.41.245','2018-05-31 17:42:52'),(3518,1,'退出系统','111.18.41.245','2018-05-31 17:43:00'),(3519,1,'登陆系统','111.18.41.245','2018-05-31 17:43:19'),(3520,1,'[在线用户] 修改','111.18.41.245','2018-05-31 17:45:07'),(3521,1,'[设备记录] 修改','111.18.41.245','2018-05-31 19:12:49'),(3522,1,'[设备记录] 修改','111.18.41.245','2018-05-31 19:13:26'),(3523,1,'[设备记录] 修改','111.18.41.245','2018-05-31 19:13:42'),(3524,1,'[在线用户] 修改','111.18.41.245','2018-05-31 19:48:28'),(3525,1,'[在线用户] 修改','111.18.41.245','2018-05-31 19:55:31'),(3526,1,'登陆系统','123.149.212.54','2018-05-31 20:02:29'),(3527,1,'[设备记录] 修改','111.18.41.245','2018-05-31 20:29:54'),(3528,1,'[设备记录] 修改','111.18.41.245','2018-05-31 20:32:56'),(3529,1,'[设备记录] 修改','111.18.41.245','2018-05-31 20:51:19'),(3530,1,'[设备记录] 修改','111.18.41.245','2018-05-31 20:51:36'),(3531,1,'[设备记录] 修改','111.18.41.245','2018-05-31 20:51:45'),(3532,1,'[设备记录] 修改','111.18.41.245','2018-05-31 20:53:15'),(3533,1,'[设备记录] 修改','111.18.41.245','2018-05-31 20:54:41'),(3534,1,'[设备记录] 修改','111.18.41.245','2018-05-31 20:55:31'),(3535,1,'登陆系统','115.171.61.188','2018-05-31 22:00:21'),(3536,1,'[在线用户] 修改','111.18.41.245','2018-05-31 23:08:57'),(3537,1,'[设备记录] 修改','111.18.41.245','2018-05-31 23:11:47'),(3538,1,'[在线用户] 修改','111.18.41.245','2018-05-31 23:13:24'),(3539,1,'[在线用户] 修改','111.18.41.245','2018-05-31 23:14:24'),(3540,1,'[设备记录] 修改','111.18.41.245','2018-05-31 23:15:23'),(3541,1,'[在线用户] 修改','111.18.41.245','2018-05-31 23:15:36'),(3542,1,'登陆系统','111.18.41.245','2018-05-31 23:16:37'),(3543,1,'[在线用户] 修改','111.18.41.245','2018-05-31 23:16:47'),(3544,1,'登陆系统','111.18.41.245','2018-05-31 23:17:29'),(3545,1,'[在线用户] 修改','111.18.41.245','2018-05-31 23:17:47'),(3546,1,'登陆系统','111.18.41.245','2018-05-31 23:19:11'),(3547,1,'[设备记录] 修改','111.18.41.245','2018-05-31 23:41:28'),(3548,1,'[设备记录] 修改','111.18.41.245','2018-05-31 23:41:58'),(3549,1,'[设备记录] 修改','111.18.41.245','2018-05-31 23:43:58'),(3550,1,'[设备记录] 修改','111.18.41.245','2018-05-31 23:45:02'),(3551,1,'[设备记录] 修改','111.18.41.245','2018-06-01 00:17:04'),(3552,1,'[设备记录] 修改','111.18.41.245','2018-06-01 00:17:29'),(3553,1,'[设备记录] 修改','111.18.41.245','2018-06-01 00:25:18'),(3554,1,'[设备记录] 修改','111.18.41.245','2018-06-01 01:16:33'),(3555,1,'[设备记录] 修改','111.18.41.245','2018-06-01 01:17:45'),(3556,1,'[设备记录] 修改','111.18.41.245','2018-06-01 01:20:54'),(3557,1,'[在线用户] 修改','111.18.41.245','2018-06-01 01:21:46'),(3558,1,'[在线用户] 修改','111.18.41.245','2018-06-01 01:42:27'),(3559,1,'登陆系统','111.18.41.237','2018-06-01 08:34:28'),(3560,1,'[优惠设置] 修改','111.18.41.237','2018-06-01 08:35:15'),(3561,1,'[优惠设置] 修改','111.18.41.237','2018-06-01 08:35:32'),(3562,1,'[优惠设置] 修改','111.18.41.237','2018-06-01 08:36:10'),(3563,1,'[优惠设置] 修改','111.18.41.237','2018-06-01 08:36:24'),(3564,1,'[优惠设置] 修改','111.18.41.237','2018-06-01 08:37:05'),(3565,1,'[设备记录] 修改','111.18.41.237','2018-06-01 08:39:35'),(3566,1,'[设备记录] 修改','111.18.41.237','2018-06-01 08:40:16'),(3567,1,'[在线用户] 修改','111.18.41.237','2018-06-01 08:46:58'),(3568,1,'[设备记录] 修改','111.18.41.237','2018-06-01 08:58:59'),(3569,1,'[设备记录] 修改','111.18.41.237','2018-06-01 08:59:19'),(3570,1,'[设备记录] 修改','111.18.41.237','2018-06-01 08:59:35'),(3571,1,'登陆系统','118.187.53.6','2018-06-01 09:28:25'),(3572,1,'登陆系统','123.149.212.54','2018-06-01 10:05:01'),(3573,1,'[设备记录] 增加','123.149.212.54','2018-06-01 10:18:14'),(3574,1,'[设备记录] 修改','123.149.212.54','2018-06-01 10:18:37'),(3575,1,'登陆系统','118.187.53.6','2018-06-01 10:28:03'),(3576,1,'登陆系统','123.149.212.174','2018-06-01 11:51:55'),(3577,1,'登陆系统','111.18.41.237','2018-06-01 12:02:51'),(3578,1,'登陆系统','118.187.53.6','2018-06-01 12:10:46'),(3579,1,'登陆系统','123.149.212.174','2018-06-01 12:19:27'),(3580,1,'登陆系统','111.18.41.237','2018-06-01 12:31:37'),(3581,1,'登陆系统','118.187.53.6','2018-06-01 13:39:52'),(3582,1,'[设备记录] 修改','111.18.41.237','2018-06-01 15:20:08'),(3583,1,'[设备记录] 修改','111.18.41.237','2018-06-01 15:20:30'),(3584,1,'[设备记录] 修改','111.18.41.237','2018-06-01 15:25:12'),(3585,1,'[设备记录] 修改','111.18.41.237','2018-06-01 15:25:21'),(3586,1,'[设备记录] 修改','111.18.41.237','2018-06-01 15:25:29'),(3587,1,'[设备记录] 修改','111.18.41.237','2018-06-01 15:25:41'),(3588,1,'[设备记录] 修改','111.18.41.237','2018-06-01 15:25:50'),(3589,1,'[优惠设置] 修改','111.18.41.237','2018-06-01 15:49:47'),(3590,1,'[优惠设置] 修改','111.18.41.237','2018-06-01 15:49:56'),(3591,1,'[优惠设置] 修改','111.18.41.237','2018-06-01 15:50:12'),(3592,1,'登陆系统','118.187.53.6','2018-06-01 15:52:33'),(3593,1,'登陆系统','111.18.41.237','2018-06-01 16:40:45'),(3594,1,'登陆系统','113.133.216.209','2018-06-01 20:38:48'),(3595,1,'登陆系统','111.18.41.204','2018-06-02 13:14:18'),(3596,1,'登陆系统','111.18.41.204','2018-06-02 14:19:18'),(3597,1,'登陆系统','111.18.41.204','2018-06-02 14:36:40'),(3598,1,'登陆系统','111.18.41.204','2018-06-02 14:59:35'),(3599,1,'登陆系统','111.18.41.204','2018-06-02 15:05:02'),(3600,1,'[设备记录] 修改','111.18.41.204','2018-06-02 15:06:40'),(3601,1,'[设备记录] 修改','111.18.41.204','2018-06-02 15:07:22'),(3602,1,'[设备记录] 修改','111.18.41.204','2018-06-02 15:08:01'),(3603,1,'[设备记录] 修改','111.18.41.204','2018-06-02 15:09:05'),(3604,1,'[设备记录] 修改','111.18.41.204','2018-06-02 15:09:38'),(3605,1,'[设备记录] 修改','111.18.41.204','2018-06-02 15:10:14'),(3606,1,'[设备记录] 修改','111.18.41.204','2018-06-02 15:11:01'),(3607,1,'[设备记录] 修改','111.18.41.204','2018-06-02 15:11:35'),(3608,1,'[设备记录] 修改','111.18.41.204','2018-06-02 15:12:08'),(3609,1,'登陆系统','113.200.107.187','2018-06-02 15:15:38'),(3610,1,'登陆系统','113.200.107.187','2018-06-02 15:21:12'),(3611,1,'登陆系统','123.139.66.66','2018-06-02 15:29:18'),(3612,1,'登陆系统','123.139.66.66','2018-06-02 15:36:30'),(3613,1,'登陆系统','123.139.66.66','2018-06-02 15:46:36'),(3614,1,'登陆系统','123.139.66.66','2018-06-02 17:23:25'),(3615,1,'登陆系统','123.139.66.66','2018-06-02 17:41:41'),(3616,1,'登陆系统','123.139.66.66','2018-06-02 17:53:43'),(3617,1,'登陆系统','123.139.66.66','2018-06-02 18:42:31'),(3618,1,'登陆系统','123.139.66.66','2018-06-02 18:49:03'),(3619,1,'登陆系统','123.139.66.66','2018-06-02 18:58:46'),(3620,1,'登陆系统','123.139.66.66','2018-06-02 19:27:31'),(3621,1,'登陆系统','123.139.66.66','2018-06-02 19:32:03'),(3622,1,'登陆系统','123.139.66.66','2018-06-02 19:44:10'),(3623,1,'登陆系统','123.139.66.66','2018-06-02 19:46:40'),(3624,1,'登陆系统','123.139.66.66','2018-06-02 19:53:25'),(3625,1,'登陆系统','123.139.66.66','2018-06-02 20:15:05'),(3626,1,'登陆系统','123.139.66.66','2018-06-02 20:49:45'),(3627,1,'登陆系统','123.139.66.66','2018-06-02 21:21:04'),(3628,1,'登陆系统','123.139.66.66','2018-06-02 21:33:10'),(3629,1,'登陆系统','123.139.66.66','2018-06-02 21:38:50'),(3630,1,'登陆系统','123.139.66.66','2018-06-02 22:22:18'),(3631,1,'登陆系统','123.139.66.66','2018-06-02 22:26:11'),(3632,1,'登陆系统','123.139.66.66','2018-06-02 22:31:40'),(3633,1,'登陆系统','123.139.66.66','2018-06-02 22:37:46'),(3634,1,'登陆系统','123.139.66.66','2018-06-02 22:48:40'),(3635,1,'登陆系统','123.139.66.66','2018-06-02 23:02:46'),(3636,1,'登陆系统','123.139.66.66','2018-06-02 23:08:46'),(3637,1,'登陆系统','123.139.66.66','2018-06-02 23:19:43'),(3638,1,'登陆系统','123.139.66.66','2018-06-02 23:37:06'),(3639,1,'登陆系统','123.139.66.66','2018-06-02 23:42:30'),(3640,1,'登陆系统','123.139.66.66','2018-06-02 23:52:27'),(3641,1,'登陆系统','123.139.66.66','2018-06-03 00:15:47'),(3642,1,'登陆系统','123.139.66.66','2018-06-03 00:19:46'),(3643,1,'登陆系统','123.139.66.66','2018-06-03 00:27:47'),(3644,1,'登陆系统','123.139.66.66','2018-06-03 00:56:14'),(3645,1,'登陆系统','123.139.66.66','2018-06-03 01:17:25'),(3646,1,'登陆系统','123.139.66.66','2018-06-03 01:18:31'),(3647,1,'登陆系统','123.139.66.66','2018-06-03 01:48:18'),(3648,1,'登陆系统','123.139.66.66','2018-06-03 06:59:57'),(3649,1,'登陆系统','113.143.164.57','2018-06-03 07:23:42'),(3650,1,'[功率日志] 导出cvs','113.143.164.57','2018-06-03 07:25:22'),(3651,1,'[消费记录] 导出cvs','113.143.164.57','2018-06-03 07:47:49'),(3652,1,'登陆系统','123.139.115.149','2018-06-03 09:51:06'),(3653,1,'登陆系统','123.139.115.149','2018-06-03 10:16:50'),(3654,1,'登陆系统','123.139.115.149','2018-06-03 11:53:39'),(3655,1,'登陆系统','113.200.106.70','2018-06-03 13:20:52'),(3656,1,'登陆系统','113.200.106.70','2018-06-03 13:58:16'),(3657,1,'登陆系统','123.138.233.157','2018-06-03 16:05:35'),(3658,1,'登陆系统','117.33.124.228','2018-06-03 16:37:44'),(3659,1,'登陆系统','123.138.233.157','2018-06-03 17:22:36'),(3660,1,'登陆系统','115.171.61.188','2018-06-03 19:49:44'),(3661,1,'登陆系统','113.200.106.86','2018-06-03 20:07:51'),(3662,1,'登陆系统','113.200.106.86','2018-06-03 20:37:45'),(3663,1,'登陆系统','113.200.106.86','2018-06-03 20:47:34'),(3664,1,'登陆系统','113.200.106.86','2018-06-03 21:00:44'),(3665,1,'登陆系统','113.200.106.86','2018-06-03 21:39:50'),(3666,1,'登陆系统','175.4.11.38','2018-06-03 22:29:08'),(3667,1,'登陆系统','113.200.85.183','2018-06-03 22:33:14'),(3668,1,'登陆系统','123.139.115.149','2018-06-04 02:57:57'),(3669,1,'登陆系统','123.139.115.149','2018-06-04 07:03:48'),(3670,1,'登陆系统','111.18.41.218','2018-06-04 08:43:13'),(3671,1,'登陆系统','113.200.107.254','2018-06-04 09:02:04'),(3672,1,'登陆系统','113.200.106.77','2018-06-04 12:00:25'),(3673,1,'登陆系统','110.185.28.228','2018-06-04 13:08:22'),(3674,1,'登陆系统','110.185.28.226','2018-06-04 14:46:49'),(3675,1,'登陆系统','171.217.141.119','2018-06-04 14:56:59'),(3676,1,'登陆系统','123.149.208.188','2018-06-04 16:04:45'),(3677,1,'设备290000201:356566072333396被删除','123.149.208.188','2018-06-04 16:09:34'),(3678,1,'[设备记录] 删除','123.149.208.188','2018-06-04 16:09:34'),(3679,1,'登陆系统','111.18.41.218','2018-06-04 16:10:39'),(3680,1,'登陆系统','0:0:0:0:0:0:0:1','2018-06-05 09:42:29'),(3681,1,'登陆系统','110.185.28.178','2018-06-05 09:46:06'),(3682,1,'登陆系统','110.185.28.178','2018-06-05 09:47:45'),(3683,1,'登陆系统','182.138.153.214','2018-06-05 09:50:56'),(3684,1,'登陆系统','182.138.153.214','2018-06-05 09:51:13'),(3685,1,'登陆系统','116.228.88.72','2018-06-05 09:53:52'),(3686,1,'[数据字典] 删除','116.228.88.72','2018-06-05 09:54:37'),(3687,1,'[在线表单] 删除','116.228.88.72','2018-06-05 09:54:42'),(3688,1,'[在线表单] 删除','116.228.88.72','2018-06-05 09:54:48'),(3689,1,'[菜单管理] 删除','116.228.88.72','2018-06-05 09:55:40'),(3690,1,'设备斯维小区2号机:356566077004984被删除','116.228.88.72','2018-06-05 09:56:15'),(3691,1,'[设备记录] 删除','116.228.88.72','2018-06-05 09:56:15'),(3692,1,'设备290000025:356566077005296被删除','116.228.88.72','2018-06-05 09:56:19'),(3693,1,'[设备记录] 删除','116.228.88.72','2018-06-05 09:56:19'),(3694,1,'设备斯维小区1号机:356566077039485被删除','116.228.88.72','2018-06-05 09:56:22'),(3695,1,'[设备记录] 删除','116.228.88.72','2018-06-05 09:56:22'),(3696,1,'设备斯维小区3号机:356566077060598被删除','116.228.88.72','2018-06-05 09:56:24'),(3697,1,'[设备记录] 删除','116.228.88.72','2018-06-05 09:56:24'),(3698,1,'设备290000166:356566077059970被删除','116.228.88.72','2018-06-05 09:56:30'),(3699,1,'[设备记录] 删除','116.228.88.72','2018-06-05 09:56:30'),(3700,1,'设备290000021:356566077008365被删除','116.228.88.72','2018-06-05 09:56:38'),(3701,1,'[设备记录] 删除','116.228.88.72','2018-06-05 09:56:38'),(3702,1,'设备三府湾天悦2号机车棚:356566077157089被删除','116.228.88.72','2018-06-05 09:56:41'),(3703,1,'[设备记录] 删除','116.228.88.72','2018-06-05 09:56:41'),(3704,1,'设备三府湾天悦1号机车棚:356566077157071被删除','116.228.88.72','2018-06-05 09:56:44'),(3705,1,'[设备记录] 删除','116.228.88.72','2018-06-05 09:56:44'),(3706,1,'设备290000182:356566077031532被删除','116.228.88.72','2018-06-05 09:56:47'),(3707,1,'[设备记录] 删除','116.228.88.72','2018-06-05 09:56:47'),(3708,1,'设备290000191:356566077032761被删除','116.228.88.72','2018-06-05 09:56:49'),(3709,1,'[设备记录] 删除','116.228.88.72','2018-06-05 09:56:49'),(3710,1,'设备290000179:356566077040988被删除','116.228.88.72','2018-06-05 09:56:51'),(3711,1,'[设备记录] 删除','116.228.88.72','2018-06-05 09:56:51'),(3712,1,'设备290000194:356566076999549被删除','116.228.88.72','2018-06-05 09:56:54'),(3713,1,'[设备记录] 删除','116.228.88.72','2018-06-05 09:56:54'),(3714,1,'设备290000196:356566077060846被删除','116.228.88.72','2018-06-05 09:56:57'),(3715,1,'[设备记录] 删除','116.228.88.72','2018-06-05 09:56:57'),(3716,1,'设备290000195:356566077060325被删除','116.228.88.72','2018-06-05 09:57:00'),(3717,1,'[设备记录] 删除','116.228.88.72','2018-06-05 09:57:00'),(3718,1,'设备290000192:356566077039519被删除','116.228.88.72','2018-06-05 09:57:02'),(3719,1,'[设备记录] 删除','116.228.88.72','2018-06-05 09:57:02'),(3720,1,'设备290000186:356566076999580被删除','116.228.88.72','2018-06-05 09:57:05'),(3721,1,'[设备记录] 删除','116.228.88.72','2018-06-05 09:57:05'),(3722,1,'设备290000199:356566077043172被删除','116.228.88.72','2018-06-05 09:57:09'),(3723,1,'[设备记录] 删除','116.228.88.72','2018-06-05 09:57:09'),(3724,1,'设备290000198:356566077060770被删除','116.228.88.72','2018-06-05 09:57:12'),(3725,1,'[设备记录] 删除','116.228.88.72','2018-06-05 09:57:12'),(3726,1,'设备290000200:356566077060010被删除','116.228.88.72','2018-06-05 09:57:14'),(3727,1,'[设备记录] 删除','116.228.88.72','2018-06-05 09:57:14'),(3728,1,'设备290000183:356566077043198被删除','116.228.88.72','2018-06-05 09:57:17'),(3729,1,'[设备记录] 删除','116.228.88.72','2018-06-05 09:57:17'),(3730,1,'设备290000193:356566077040889被删除','116.228.88.72','2018-06-05 09:57:19'),(3731,1,'[设备记录] 删除','116.228.88.72','2018-06-05 09:57:19'),(3732,1,'设备290000190:356566077060200被删除','116.228.88.72','2018-06-05 09:57:22'),(3733,1,'[设备记录] 删除','116.228.88.72','2018-06-05 09:57:22'),(3734,1,'设备290000197:356566077040921被删除','116.228.88.72','2018-06-05 09:57:25'),(3735,1,'[设备记录] 删除','116.228.88.72','2018-06-05 09:57:25'),(3736,1,'设备290000187:356566077040970被删除','116.228.88.72','2018-06-05 09:57:27'),(3737,1,'[设备记录] 删除','116.228.88.72','2018-06-05 09:57:27'),(3738,1,'设备290000189:356566077060739被删除','116.228.88.72','2018-06-05 09:57:29'),(3739,1,'[设备记录] 删除','116.228.88.72','2018-06-05 09:57:29'),(3740,1,'设备290000188:356566077060226被删除','116.228.88.72','2018-06-05 09:57:32'),(3741,1,'[设备记录] 删除','116.228.88.72','2018-06-05 09:57:32'),(3742,1,'设备290000185:356566077059996被删除','116.228.88.72','2018-06-05 09:57:34'),(3743,1,'[设备记录] 删除','116.228.88.72','2018-06-05 09:57:34'),(3744,1,'设备290000177:356566077043289被删除','116.228.88.72','2018-06-05 09:57:37'),(3745,1,'[设备记录] 删除','116.228.88.72','2018-06-05 09:57:37'),(3746,1,'设备290000184:356566077044188被删除','116.228.88.72','2018-06-05 09:57:40'),(3747,1,'[设备记录] 删除','116.228.88.72','2018-06-05 09:57:40'),(3748,1,'设备290000176:356566077004737被删除','116.228.88.72','2018-06-05 09:57:42'),(3749,1,'[设备记录] 删除','116.228.88.72','2018-06-05 09:57:42'),(3750,1,'设备290000178:356566077044170被删除','116.228.88.72','2018-06-05 09:57:45'),(3751,1,'[设备记录] 删除','116.228.88.72','2018-06-05 09:57:45'),(3752,1,'设备290000181:356566077062461被删除','116.228.88.72','2018-06-05 09:57:48'),(3753,1,'[设备记录] 删除','116.228.88.72','2018-06-05 09:57:48'),(3754,1,'设备290000180:356566076999598被删除','116.228.88.72','2018-06-05 09:57:50'),(3755,1,'[设备记录] 删除','116.228.88.72','2018-06-05 09:57:50'),(3756,1,'设备290000175:356566077014322被删除','116.228.88.72','2018-06-05 09:57:53'),(3757,1,'[设备记录] 删除','116.228.88.72','2018-06-05 09:57:53'),(3758,1,'设备290000174:356566077005031被删除','116.228.88.72','2018-06-05 09:57:55'),(3759,1,'[设备记录] 删除','116.228.88.72','2018-06-05 09:57:55'),(3760,1,'设备290000172:356566077004760被删除','116.228.88.72','2018-06-05 09:57:58'),(3761,1,'[设备记录] 删除','116.228.88.72','2018-06-05 09:57:58'),(3762,1,'设备290000173:356566077032662被删除','116.228.88.72','2018-06-05 09:58:00'),(3763,1,'[设备记录] 删除','116.228.88.72','2018-06-05 09:58:00'),(3764,1,'设备290000171:356566077061398被删除','116.228.88.72','2018-06-05 09:58:02'),(3765,1,'[设备记录] 删除','116.228.88.72','2018-06-05 09:58:02'),(3766,1,'设备290000133:356566077007698被删除','116.228.88.72','2018-06-05 09:58:04'),(3767,1,'[设备记录] 删除','116.228.88.72','2018-06-05 09:58:04'),(3768,1,'设备290000165:356566077007714被删除','116.228.88.72','2018-06-05 09:58:06'),(3769,1,'[设备记录] 删除','116.228.88.72','2018-06-05 09:58:06'),(3770,1,'设备290000118:356566077003549被删除','116.228.88.72','2018-06-05 09:58:10'),(3771,1,'[设备记录] 删除','116.228.88.72','2018-06-05 09:58:10'),(3772,1,'设备290000119:356566077003093被删除','116.228.88.72','2018-06-05 09:58:13'),(3773,1,'[设备记录] 删除','116.228.88.72','2018-06-05 09:58:13'),(3774,1,'设备290000120:356566077004745被删除','116.228.88.72','2018-06-05 09:58:15'),(3775,1,'[设备记录] 删除','116.228.88.72','2018-06-05 09:58:15'),(3776,1,'设备290000116:356566077061281被删除','116.228.88.72','2018-06-05 09:58:18'),(3777,1,'[设备记录] 删除','116.228.88.72','2018-06-05 09:58:18'),(3778,1,'设备290000114:356566077060028被删除','116.228.88.72','2018-06-05 09:58:20'),(3779,1,'[设备记录] 删除','116.228.88.72','2018-06-05 09:58:20'),(3780,1,'设备290000115:356566077059962被删除','116.228.88.72','2018-06-05 09:58:24'),(3781,1,'[设备记录] 删除','116.228.88.72','2018-06-05 09:58:24'),(3782,1,'设备290000117:356566077060093被删除','116.228.88.72','2018-06-05 09:58:26'),(3783,1,'[设备记录] 删除','116.228.88.72','2018-06-05 09:58:26'),(3784,1,'设备290000121:356566077005064被删除','116.228.88.72','2018-06-05 09:58:30'),(3785,1,'[设备记录] 删除','116.228.88.72','2018-06-05 09:58:30'),(3786,1,'设备290000122:356566077027530被删除','116.228.88.72','2018-06-05 09:58:33'),(3787,1,'[设备记录] 删除','116.228.88.72','2018-06-05 09:58:33'),(3788,1,'设备290000123:356566077059608被删除','116.228.88.72','2018-06-05 09:58:37'),(3789,1,'[设备记录] 删除','116.228.88.72','2018-06-05 09:58:37'),(3790,1,'设备290000124:356566077036804被删除','116.228.88.72','2018-06-05 09:58:40'),(3791,1,'[设备记录] 删除','116.228.88.72','2018-06-05 09:58:40'),(3792,1,'设备290000112:356566077032654被删除','116.228.88.72','2018-06-05 09:58:43'),(3793,1,'[设备记录] 删除','116.228.88.72','2018-06-05 09:58:43'),(3794,1,'设备290000104:356566077007722被删除','116.228.88.72','2018-06-05 09:58:45'),(3795,1,'[设备记录] 删除','116.228.88.72','2018-06-05 09:58:45'),(3796,1,'设备290000111:356566077001113被删除','116.228.88.72','2018-06-05 09:58:48'),(3797,1,'[设备记录] 删除','116.228.88.72','2018-06-05 09:58:48'),(3798,1,'设备290000113:356566077059327被删除','116.228.88.72','2018-06-05 09:58:50'),(3799,1,'[设备记录] 删除','116.228.88.72','2018-06-05 09:58:50'),(3800,1,'设备290000125:356566077043297被删除','116.228.88.72','2018-06-05 09:58:53'),(3801,1,'[设备记录] 删除','116.228.88.72','2018-06-05 09:58:53'),(3802,1,'设备290000126:356566077043255被删除','116.228.88.72','2018-06-05 09:58:56'),(3803,1,'[设备记录] 删除','116.228.88.72','2018-06-05 09:58:56'),(3804,1,'设备290000109:356566077061026被删除','116.228.88.72','2018-06-05 09:58:59'),(3805,1,'[设备记录] 删除','116.228.88.72','2018-06-05 09:58:59'),(3806,1,'设备290000053:356566077005122被删除','116.228.88.72','2018-06-05 09:59:02'),(3807,1,'[设备记录] 删除','116.228.88.72','2018-06-05 09:59:02'),(3808,1,'设备290000108:356566077059061被删除','116.228.88.72','2018-06-05 09:59:04'),(3809,1,'[设备记录] 删除','116.228.88.72','2018-06-05 09:59:04'),(3810,1,'设备290000110:356566076999572被删除','116.228.88.72','2018-06-05 09:59:07'),(3811,1,'[设备记录] 删除','116.228.88.72','2018-06-05 09:59:07'),(3812,1,'设备290000107:356566077007664被删除','116.228.88.72','2018-06-05 09:59:20'),(3813,1,'[设备记录] 删除','116.228.88.72','2018-06-05 09:59:20'),(3814,1,'设备290000106:356566077044212被删除','116.228.88.72','2018-06-05 09:59:22'),(3815,1,'[设备记录] 删除','116.228.88.72','2018-06-05 09:59:22'),(3816,1,'设备290000105:356566077003648被删除','116.228.88.72','2018-06-05 09:59:24'),(3817,1,'[设备记录] 删除','116.228.88.72','2018-06-05 09:59:24'),(3818,1,'设备290000102:356566077061323被删除','116.228.88.72','2018-06-05 09:59:26'),(3819,1,'[设备记录] 删除','116.228.88.72','2018-06-05 09:59:26'),(3820,1,'设备290000103:356566077061364被删除','116.228.88.72','2018-06-05 09:59:28'),(3821,1,'[设备记录] 删除','116.228.88.72','2018-06-05 09:59:28'),(3822,1,'设备290000101:356566077060002被删除','116.228.88.72','2018-06-05 09:59:31'),(3823,1,'[设备记录] 删除','116.228.88.72','2018-06-05 09:59:31'),(3824,1,'设备290000100:356566077003598被删除','116.228.88.72','2018-06-05 09:59:35'),(3825,1,'[设备记录] 删除','116.228.88.72','2018-06-05 09:59:35'),(3826,1,'设备290000099:356566077059178被删除','116.228.88.72','2018-06-05 09:59:38'),(3827,1,'[设备记录] 删除','116.228.88.72','2018-06-05 09:59:38'),(3828,1,'设备290000098:356566077003622被删除','116.228.88.72','2018-06-05 09:59:40'),(3829,1,'[设备记录] 删除','116.228.88.72','2018-06-05 09:59:40'),(3830,1,'设备290000089:356566077061372被删除','116.228.88.72','2018-06-05 09:59:46'),(3831,1,'[设备记录] 删除','116.228.88.72','2018-06-05 09:59:46'),(3832,1,'登陆系统','182.138.153.214','2018-06-05 10:03:56'),(3833,1,'登陆系统','0:0:0:0:0:0:0:1','2018-06-05 10:26:17'),(3834,1,'登陆系统','116.228.88.72','2018-06-05 10:34:02'),(3835,1,'登陆系统','0:0:0:0:0:0:0:1','2018-06-05 10:38:07'),(3836,1,'登陆系统','116.228.88.72','2018-06-05 10:39:15'),(3837,1,'登陆系统','0:0:0:0:0:0:0:1','2018-06-05 10:54:48'),(3838,1,'登陆系统','0:0:0:0:0:0:0:1','2018-06-05 16:37:24'),(3839,1,'登陆系统','113.200.85.4','2018-06-05 17:01:00'),(3840,1,'登陆系统','182.138.153.214','2018-06-05 17:08:35'),(3841,1,'登陆系统','111.18.41.212','2018-06-05 17:25:49'),(3842,1,'登陆系统','111.18.41.212','2018-06-05 17:49:14'),(3843,1,'[在线用户] 修改','111.18.41.212','2018-06-05 18:20:26'),(3844,1,'[设备记录] 修改','111.18.41.193','2018-06-05 19:13:24'),(3845,1,'登陆系统','113.200.85.4','2018-06-05 20:38:12'),(3846,1,'登陆系统','113.200.85.4','2018-06-05 21:04:10'),(3847,1,'登陆系统','113.200.85.4','2018-06-05 21:24:43'),(3848,1,'登陆系统','110.185.28.178','2018-06-05 22:09:40'),(3849,1,'[消费记录] 导出cvs','110.185.28.176','2018-06-05 22:09:46'),(3850,1,'登陆系统','110.185.28.177','2018-06-05 22:16:34'),(3851,1,'登陆系统','113.143.166.2','2018-06-05 22:31:54'),(3852,1,'[微信充值记录] 导出cvs','110.185.28.177','2018-06-05 23:54:42'),(3853,1,'[消费记录] 导出cvs','110.185.28.176','2018-06-06 00:04:21'),(3854,1,'登陆系统','110.185.28.176','2018-06-06 01:03:58'),(3855,1,'登陆系统','110.185.28.175','2018-06-06 01:20:19'),(3856,1,'登陆系统','110.185.28.178','2018-06-06 02:07:26'),(3857,1,'登陆系统','118.114.12.171','2018-06-06 08:49:30'),(3858,1,'登陆系统','111.18.41.193','2018-06-06 09:06:04'),(3859,1,'登陆系统','111.18.41.193','2018-06-06 09:10:18'),(3860,1,'登陆系统','0:0:0:0:0:0:0:1','2018-06-06 09:22:06'),(3861,1,'登陆系统','118.114.12.173','2018-06-06 12:30:08'),(3862,1,'登陆系统','111.18.41.193','2018-06-06 13:25:32'),(3863,1,'登陆系统','111.18.41.193','2018-06-06 13:28:35'),(3864,1,'登陆系统','118.114.12.173','2018-06-06 13:40:56'),(3865,1,'登陆系统','116.228.88.66','2018-06-06 14:10:07'),(3866,1,'登陆系统','123.149.209.170','2018-06-06 14:23:45'),(3867,1,'退出系统','111.18.41.193','2018-06-06 14:26:55'),(3868,1,'登陆系统','111.18.41.193','2018-06-06 14:33:17'),(3869,1,'退出系统','111.18.41.193','2018-06-06 14:37:00'),(3870,1,'登陆系统','116.228.88.66','2018-06-06 14:50:15'),(3871,1,'[设备记录] 增加','116.228.88.66','2018-06-06 14:50:26'),(3872,1,'登陆系统','123.149.209.170','2018-06-06 14:51:31'),(3873,1,'[设备记录] 增加','123.149.209.170','2018-06-06 14:51:59'),(3874,1,'[设备记录] 修改','123.149.209.170','2018-06-06 14:52:17'),(3875,1,'登陆系统','118.114.12.175','2018-06-06 16:28:31'),(3876,1,'登陆系统','111.18.41.193','2018-06-06 16:51:34'),(3877,1,'登陆系统','118.114.250.165','2018-06-06 17:04:13'),(3878,1,'登陆系统','123.149.215.62','2018-06-06 17:56:18'),(3879,1,'[设备记录] 修改','111.18.41.235','2018-06-06 19:37:57'),(3880,1,'登陆系统','113.200.204.165','2018-06-06 19:43:26'),(3881,1,'[设备记录] 修改','111.18.41.235','2018-06-06 19:49:38'),(3882,1,'[设备记录] 修改','111.18.41.235','2018-06-06 19:50:00'),(3883,1,'[设备记录] 修改','111.18.41.235','2018-06-06 20:09:50'),(3884,1,'[在线用户] 修改','111.18.41.235','2018-06-06 20:11:21'),(3885,1,'[设备记录] 修改','111.18.41.235','2018-06-06 20:17:35'),(3886,1,'[设备记录] 修改','111.18.41.235','2018-06-06 20:18:35'),(3887,1,'[在线用户] 修改','111.18.41.235','2018-06-06 20:25:58'),(3888,1,'[在线用户] 修改','111.18.41.235','2018-06-06 20:26:36'),(3889,1,'[在线用户] 修改','111.18.41.235','2018-06-06 20:34:36'),(3890,1,'登陆系统','113.200.204.165','2018-06-06 21:23:49'),(3891,1,'登陆系统','221.11.61.250','2018-06-06 23:13:49'),(3892,1,'登陆系统','118.114.12.173','2018-06-07 00:41:59'),(3893,1,'登陆系统','118.114.12.175','2018-06-07 01:45:41'),(3894,1,'登陆系统','110.185.29.212','2018-06-07 08:21:56'),(3895,1,'登陆系统','111.18.41.235','2018-06-07 09:30:43'),(3896,1,'[微信充值记录] 导出cvs','111.18.41.235','2018-06-07 09:32:14'),(3897,1,'[消费记录] 导出cvs','111.18.41.235','2018-06-07 09:32:23'),(3898,1,'[消费记录] 导出cvs','111.18.41.235','2018-06-07 09:32:31'),(3899,1,'[消费记录] 导出cvs','111.18.41.235','2018-06-07 09:35:12'),(3900,1,'登陆系统','110.185.29.213','2018-06-07 09:59:17'),(3901,1,'登陆系统','111.18.41.235','2018-06-07 10:07:15'),(3902,1,'退出系统','111.18.41.235','2018-06-07 10:10:12'),(3903,1,'[微信充值记录] 导出cvs','111.18.41.235','2018-06-07 10:54:59'),(3904,1,'登陆系统','111.18.41.235','2018-06-07 11:00:39'),(3905,1,'登陆系统','123.149.209.170','2018-06-07 11:01:01'),(3906,1,'退出系统','111.18.41.235','2018-06-07 11:01:17'),(3907,1,'[设备记录] 修改','111.18.41.235','2018-06-07 11:01:50'),(3908,1,'[设备记录] 修改','111.18.41.235','2018-06-07 11:02:31'),(3909,1,'[设备记录] 修改','111.18.41.235','2018-06-07 11:05:12'),(3910,1,'[设备记录] 修改','111.18.41.235','2018-06-07 11:06:06'),(3911,1,'登陆系统','111.18.41.235','2018-06-07 11:18:54'),(3912,1,'[设备记录] 修改','111.18.41.235','2018-06-07 11:56:18'),(3913,1,'[设备记录] 修改','111.18.41.235','2018-06-07 11:56:41'),(3914,1,'[设备记录] 修改','111.18.41.235','2018-06-07 11:57:01'),(3915,1,'[微信充值记录] 导出cvs','111.18.41.235','2018-06-07 12:02:47'),(3916,1,'登陆系统','182.138.153.221','2018-06-07 12:15:30'),(3917,1,'登陆系统','182.138.153.221','2018-06-07 12:16:45'),(3918,1,'[设备记录] 修改','111.18.41.235','2018-06-07 12:28:55'),(3919,1,'登陆系统','182.138.153.221','2018-06-07 12:34:15'),(3920,1,'[消费记录] 导出cvs','110.185.29.216','2018-06-07 12:37:43'),(3921,1,'[设备记录] 修改','111.18.41.235','2018-06-07 12:48:19'),(3922,1,'[设备记录] 修改','111.18.41.235','2018-06-07 12:48:39'),(3923,1,'[设备记录] 修改','111.18.41.235','2018-06-07 12:48:54'),(3924,1,'[设备记录] 修改','111.18.41.235','2018-06-07 12:49:54'),(3925,1,'登陆系统','113.200.107.153','2018-06-07 13:48:40'),(3926,1,'登陆系统','113.200.107.153','2018-06-07 14:14:52'),(3927,1,'登陆系统','116.228.88.66','2018-06-07 14:35:02'),(3928,1,'登陆系统','113.200.107.153','2018-06-07 14:44:32'),(3929,1,'登陆系统','113.200.107.153','2018-06-07 14:56:12'),(3930,1,'登陆系统','113.200.85.70','2018-06-07 15:33:22'),(3931,1,'登陆系统','123.149.215.62','2018-06-07 15:47:22'),(3932,1,'[优惠设置] 修改','111.18.41.235','2018-06-07 16:20:46'),(3933,1,'[设备记录] 修改','111.18.41.235','2018-06-07 16:38:27'),(3934,1,'[设备记录] 修改','111.18.41.235','2018-06-07 16:38:47'),(3935,1,'[设备记录] 修改','111.18.41.235','2018-06-07 16:39:09'),(3936,1,'[设备记录] 修改','111.18.41.235','2018-06-07 16:39:36'),(3937,1,'[设备记录] 修改','111.18.41.235','2018-06-07 16:48:38'),(3938,1,'[设备记录] 修改','111.18.41.235','2018-06-07 16:49:18'),(3939,1,'登陆系统','123.138.233.190','2018-06-07 16:53:47'),(3940,1,'登陆系统','123.138.233.190','2018-06-07 17:03:52'),(3941,1,'登陆系统','123.138.233.190','2018-06-07 17:05:02'),(3942,1,'登陆系统','111.18.41.235','2018-06-07 17:36:28'),(3943,1,'登陆系统','113.200.107.151','2018-06-07 18:06:46'),(3944,1,'退出系统','111.18.41.235','2018-06-07 18:10:40'),(3945,1,'[设备记录] 修改','111.18.41.238','2018-06-07 19:12:11'),(3946,1,'[设备记录] 修改','111.18.41.238','2018-06-07 19:12:48'),(3947,1,'[设备记录] 修改','111.18.41.238','2018-06-07 19:13:38'),(3948,1,'[设备记录] 修改','111.18.41.238','2018-06-07 19:14:16'),(3949,1,'[设备记录] 修改','111.18.41.238','2018-06-07 19:14:55'),(3950,1,'[设备记录] 修改','111.18.41.238','2018-06-07 19:15:30'),(3951,1,'[设备记录] 修改','111.18.41.238','2018-06-07 19:16:56'),(3952,1,'[设备记录] 修改','111.18.41.238','2018-06-07 19:17:31'),(3953,1,'[设备记录] 修改','111.18.41.238','2018-06-07 19:18:31'),(3954,1,'[设备记录] 修改','111.18.41.238','2018-06-07 19:19:32'),(3955,1,'登陆系统','111.18.41.238','2018-06-07 19:45:25'),(3956,1,'登陆系统','111.18.41.238','2018-06-07 21:04:17'),(3957,1,'登陆系统','111.18.41.238','2018-06-07 21:38:38'),(3958,1,'登陆系统','111.18.41.238','2018-06-07 22:26:50'),(3959,1,'登陆系统','113.200.107.151','2018-06-07 23:16:52'),(3960,1,'登陆系统','113.200.107.151','2018-06-08 01:14:48'),(3961,1,'登陆系统','113.200.107.151','2018-06-08 01:15:51'),(3962,1,'登陆系统','113.200.107.151','2018-06-08 01:21:11'),(3963,1,'登陆系统','113.200.107.151','2018-06-08 01:40:24'),(3964,1,'登陆系统','113.200.107.151','2018-06-08 02:46:40'),(3965,1,'登陆系统','113.200.107.151','2018-06-08 07:39:38'),(3966,1,'登陆系统','111.18.41.238','2018-06-08 08:12:05'),(3967,1,'登陆系统','111.18.41.238','2018-06-08 09:08:32'),(3968,1,'退出系统','111.18.41.238','2018-06-08 09:17:26'),(3969,1,'登陆系统','111.18.41.238','2018-06-08 09:17:42'),(3970,1,'登陆系统','111.18.41.238','2018-06-08 09:33:15'),(3971,1,'登陆系统','111.18.41.238','2018-06-08 09:34:12'),(3972,1,'登陆系统','111.18.41.238','2018-06-08 09:49:31'),(3973,1,'[在线用户] 修改','111.18.41.238','2018-06-08 10:11:28'),(3974,1,'登陆系统','111.18.41.238','2018-06-08 10:35:05'),(3975,1,'登陆系统','123.149.215.62','2018-06-08 11:13:22'),(3976,1,'设备290000201:356566072333396被删除','123.149.215.62','2018-06-08 11:14:04'),(3977,1,'[设备记录] 删除','123.149.215.62','2018-06-08 11:14:04'),(3978,1,'登陆系统','111.18.41.238','2018-06-08 11:20:44'),(3979,1,'登陆系统','111.18.41.238','2018-06-08 11:23:07'),(3980,1,'[在线用户] 修改','111.18.41.238','2018-06-08 12:04:41'),(3981,1,'[设备记录] 修改','111.18.41.238','2018-06-08 13:22:46'),(3982,1,'登陆系统','113.200.107.59','2018-06-08 13:25:45'),(3983,1,'登陆系统','111.18.41.238','2018-06-08 13:26:13'),(3984,1,'登陆系统','113.200.107.59','2018-06-08 13:27:43'),(3985,1,'[设备记录] 修改','111.18.41.238','2018-06-08 13:29:34'),(3986,1,'登陆系统','111.18.41.238','2018-06-08 14:26:22'),(3987,1,'登陆系统','111.18.41.238','2018-06-08 14:41:43'),(3988,1,'[设备记录] 修改','111.18.41.238','2018-06-08 14:45:48'),(3989,1,'[设备记录] 修改','111.18.41.238','2018-06-08 14:47:43'),(3990,1,'[设备记录] 修改','111.18.41.238','2018-06-08 14:48:23'),(3991,1,'[设备记录] 修改','111.18.41.238','2018-06-08 14:48:43'),(3992,1,'[设备记录] 修改','111.18.41.238','2018-06-08 14:49:29'),(3993,1,'[设备记录] 修改','111.18.41.238','2018-06-08 14:50:35'),(3994,1,'[设备记录] 修改','111.18.41.238','2018-06-08 14:51:36'),(3995,1,'[设备记录] 修改','111.18.41.238','2018-06-08 14:52:27'),(3996,1,'登陆系统','111.18.41.238','2018-06-08 14:55:36'),(3997,1,'登陆系统','111.18.41.238','2018-06-08 15:30:13'),(3998,1,'登陆系统','111.18.41.238','2018-06-08 15:48:19'),(3999,1,'登陆系统','111.18.41.238','2018-06-08 16:36:10'),(4000,1,'[设备记录] 修改','111.18.41.238','2018-06-08 17:31:51'),(4001,1,'[设备记录] 修改','111.18.41.238','2018-06-08 17:32:16'),(4002,1,'[设备记录] 修改','111.18.41.238','2018-06-08 17:57:13'),(4003,1,'[设备记录] 修改','111.18.41.238','2018-06-08 17:57:43'),(4004,1,'[设备记录] 修改','111.18.41.238','2018-06-08 17:57:59'),(4005,1,'[设备记录] 修改','111.18.41.238','2018-06-08 17:58:27'),(4006,1,'[设备记录] 修改','111.18.41.238','2018-06-08 17:59:48'),(4007,1,'[设备记录] 修改','111.18.41.238','2018-06-08 18:08:32'),(4008,1,'[设备记录] 修改','111.18.41.238','2018-06-08 18:08:51'),(4009,1,'[设备记录] 修改','111.18.41.238','2018-06-08 18:09:09'),(4010,1,'[设备记录] 修改','111.18.41.238','2018-06-08 18:09:34'),(4011,1,'[设备记录] 修改','111.18.41.238','2018-06-08 18:09:53'),(4012,1,'[设备记录] 修改','111.18.41.238','2018-06-08 18:10:13'),(4013,1,'登陆系统','111.18.41.250','2018-06-08 18:35:31'),(4014,1,'登陆系统','111.18.41.250','2018-06-08 18:38:34'),(4015,1,'登陆系统','111.18.41.250','2018-06-08 18:59:03'),(4016,1,'[设备记录] 修改','111.18.41.250','2018-06-08 19:08:46'),(4017,1,'[在线用户] 修改','111.18.41.250','2018-06-08 19:23:56'),(4018,1,'登陆系统','111.18.41.250','2018-06-08 20:03:32'),(4019,1,'[设备记录] 修改','111.18.41.250','2018-06-08 20:06:55'),(4020,1,'[设备记录] 修改','111.18.41.250','2018-06-08 20:07:38'),(4021,1,'[设备记录] 修改','111.18.41.250','2018-06-08 20:08:06'),(4022,1,'[设备记录] 修改','111.18.41.250','2018-06-08 20:09:31'),(4023,1,'[设备记录] 修改','111.18.41.250','2018-06-08 20:30:54'),(4024,1,'[设备记录] 修改','111.18.41.250','2018-06-08 20:31:11'),(4025,1,'[设备记录] 修改','111.18.41.250','2018-06-08 20:31:26'),(4026,1,'[设备记录] 修改','111.18.41.250','2018-06-08 20:33:26'),(4027,1,'[设备记录] 修改','111.18.41.250','2018-06-08 20:34:01'),(4028,1,'[设备记录] 修改','111.18.41.250','2018-06-08 20:34:42'),(4029,1,'[设备记录] 修改','111.18.41.250','2018-06-08 20:35:27'),(4030,1,'[设备记录] 修改','111.18.41.250','2018-06-08 20:37:19'),(4031,1,'[设备记录] 修改','111.18.41.250','2018-06-08 20:40:37'),(4032,1,'[设备记录] 修改','111.18.41.250','2018-06-08 20:40:52'),(4033,1,'[设备记录] 修改','111.18.41.250','2018-06-08 20:41:52'),(4034,1,'[设备记录] 修改','111.18.41.250','2018-06-08 20:42:12'),(4035,1,'[设备记录] 修改','111.18.41.250','2018-06-08 20:45:32'),(4036,1,'[设备记录] 修改','111.18.41.250','2018-06-08 20:46:14'),(4037,1,'[消费记录] 导出cvs','111.18.41.250','2018-06-08 21:12:26'),(4038,1,'登陆系统','111.18.41.250','2018-06-08 21:38:36'),(4039,1,'[设备记录] 修改','111.18.41.250','2018-06-08 21:41:45'),(4040,1,'[设备记录] 修改','111.18.41.250','2018-06-08 21:50:50'),(4041,1,'登陆系统','111.18.41.250','2018-06-08 21:51:14'),(4042,1,'登陆系统','117.136.25.218','2018-06-08 23:29:46'),(4043,1,'登陆系统','113.200.204.56','2018-06-09 00:04:35'),(4044,1,'登陆系统','113.200.204.56','2018-06-09 00:47:43'),(4045,1,'登陆系统','123.138.232.198','2018-06-09 01:24:29'),(4046,1,'登陆系统','113.200.106.140','2018-06-09 06:38:47'),(4047,1,'登陆系统','113.200.106.140','2018-06-09 06:41:39'),(4048,1,'登陆系统','123.138.232.198','2018-06-09 07:01:26'),(4049,1,'登陆系统','113.133.195.32','2018-06-09 09:24:03'),(4050,1,'登陆系统','123.138.232.198','2018-06-09 10:11:01'),(4051,1,'登陆系统','113.200.106.140','2018-06-09 10:12:15'),(4052,1,'登陆系统','123.138.232.198','2018-06-09 11:49:18'),(4053,1,'登陆系统','113.200.85.192','2018-06-09 12:05:36'),(4054,1,'登陆系统','113.200.107.161','2018-06-09 13:48:54'),(4055,1,'登陆系统','113.200.107.161','2018-06-09 14:17:58'),(4056,1,'登陆系统','113.133.195.32','2018-06-09 14:42:04'),(4057,1,'登陆系统','113.200.107.161','2018-06-09 15:04:09'),(4058,1,'登陆系统','113.200.107.161','2018-06-09 15:32:26'),(4059,1,'登陆系统','113.200.107.161','2018-06-09 15:45:38'),(4060,1,'登陆系统','113.200.107.161','2018-06-09 16:14:19'),(4061,1,'登陆系统','113.200.107.161','2018-06-09 16:16:38'),(4062,1,'登陆系统','113.200.107.161','2018-06-09 16:31:39'),(4063,1,'登陆系统','113.200.107.161','2018-06-09 16:35:33'),(4064,1,'登陆系统','113.200.107.161','2018-06-09 16:41:40'),(4065,1,'登陆系统','113.200.107.161','2018-06-09 16:58:36'),(4066,1,'登陆系统','113.200.107.161','2018-06-09 17:38:26'),(4067,1,'登陆系统','113.200.107.161','2018-06-09 18:13:25'),(4068,1,'登陆系统','113.200.107.161','2018-06-09 18:15:41'),(4069,1,'登陆系统','117.33.59.113','2018-06-09 18:16:32'),(4070,1,'[在线用户] 修改','117.33.59.113','2018-06-09 18:20:39'),(4071,1,'[设备记录] 修改','117.33.59.113','2018-06-09 18:23:54'),(4072,1,'[设备记录] 修改','117.33.59.113','2018-06-09 18:30:42'),(4073,1,'[设备记录] 修改','117.33.59.113','2018-06-09 18:32:00'),(4074,1,'[设备记录] 修改','117.33.59.113','2018-06-09 18:32:35'),(4075,1,'[设备记录] 修改','117.33.59.113','2018-06-09 18:32:52'),(4076,1,'[设备记录] 修改','117.33.59.113','2018-06-09 18:33:09'),(4077,1,'登陆系统','113.200.106.37','2018-06-09 18:37:38'),(4078,1,'[设备记录] 修改','117.33.59.113','2018-06-09 18:43:41'),(4079,1,'[设备记录] 修改','117.33.59.113','2018-06-09 18:44:11'),(4080,1,'登陆系统','113.200.107.161','2018-06-09 19:07:54'),(4081,1,'登陆系统','113.200.107.161','2018-06-09 19:23:09'),(4082,1,'登陆系统','113.200.107.161','2018-06-09 19:50:23'),(4083,1,'登陆系统','113.200.107.161','2018-06-09 19:57:49'),(4084,1,'登陆系统','113.200.107.161','2018-06-09 20:11:44'),(4085,1,'登陆系统','113.200.107.161','2018-06-09 20:40:16'),(4086,1,'[设备记录] 修改','123.138.232.141','2018-06-09 22:04:43'),(4087,1,'[设备记录] 修改','123.138.232.141','2018-06-09 22:06:05'),(4088,1,'[设备记录] 修改','123.138.232.141','2018-06-09 22:09:20'),(4089,1,'[设备记录] 修改','123.138.232.141','2018-06-09 22:09:20'),(4090,1,'[设备记录] 修改','123.138.232.141','2018-06-09 22:09:20'),(4091,1,'登陆系统','117.33.59.113','2018-06-09 22:09:23'),(4092,1,'[在线用户] 修改','117.33.59.113','2018-06-09 22:10:09'),(4093,1,'[设备记录] 修改','123.138.232.141','2018-06-09 22:12:06'),(4094,1,'[设备记录] 修改','123.138.232.141','2018-06-09 22:12:42'),(4095,1,'[设备记录] 修改','123.138.232.141','2018-06-09 22:12:55'),(4096,1,'[设备记录] 修改','123.138.232.141','2018-06-09 22:13:26'),(4097,1,'[设备记录] 修改','123.138.232.141','2018-06-09 22:13:54'),(4098,1,'[设备记录] 修改','123.138.232.141','2018-06-09 22:14:47'),(4099,1,'[设备记录] 修改','123.138.232.141','2018-06-09 22:15:14'),(4100,1,'[设备记录] 修改','123.138.232.141','2018-06-09 22:15:47'),(4101,1,'[设备记录] 修改','123.138.232.141','2018-06-09 22:30:38'),(4102,1,'[设备记录] 修改','123.138.232.141','2018-06-09 22:30:57'),(4103,1,'[设备记录] 修改','123.138.232.141','2018-06-09 22:31:14'),(4104,1,'登陆系统','123.138.232.141','2018-06-09 23:04:44'),(4105,1,'登陆系统','123.138.232.141','2018-06-09 23:12:09'),(4106,1,'登陆系统','123.138.232.141','2018-06-09 23:20:44'),(4107,1,'登陆系统','123.138.232.141','2018-06-09 23:36:02'),(4108,1,'登陆系统','123.138.232.141','2018-06-09 23:52:33'),(4109,1,'登陆系统','123.138.232.141','2018-06-09 23:53:35'),(4110,1,'登陆系统','123.138.232.141','2018-06-10 00:02:28'),(4111,1,'登陆系统','123.138.232.141','2018-06-10 00:13:40'),(4112,1,'登陆系统','123.138.232.141','2018-06-10 00:29:00'),(4113,1,'[在线用户] 修改','113.143.143.195','2018-06-10 00:31:55'),(4114,1,'[在线用户] 修改','113.143.143.195','2018-06-10 00:38:08'),(4115,1,'登陆系统','123.138.232.141','2018-06-10 00:45:10'),(4116,1,'登陆系统','123.138.232.141','2018-06-10 01:12:16'),(4117,1,'登陆系统','123.138.232.141','2018-06-10 01:26:49'),(4118,1,'登陆系统','123.139.115.82','2018-06-10 02:15:21'),(4119,1,'登陆系统','123.139.115.82','2018-06-10 03:35:07'),(4120,1,'登陆系统','113.200.44.115','2018-06-10 07:08:52'),(4121,1,'登陆系统','113.200.44.115','2018-06-10 07:10:14'),(4122,1,'登陆系统','113.200.44.115','2018-06-10 09:01:13'),(4123,1,'登陆系统','123.139.115.82','2018-06-10 10:10:23'),(4124,1,'登陆系统','123.139.115.82','2018-06-10 12:07:21'),(4125,1,'[设备记录] 修改','123.139.115.82','2018-06-10 12:12:33'),(4126,1,'[设备记录] 修改','123.139.115.82','2018-06-10 12:13:51'),(4127,1,'[设备记录] 修改','123.139.115.82','2018-06-10 12:14:11'),(4128,1,'登陆系统','123.139.115.82','2018-06-10 12:47:23'),(4129,1,'登陆系统','113.200.85.106','2018-06-10 13:11:05'),(4130,1,'登陆系统','124.89.78.214','2018-06-10 14:05:36'),(4131,1,'登陆系统','124.89.78.214','2018-06-10 14:16:48'),(4132,1,'登陆系统','124.89.78.214','2018-06-10 14:22:53'),(4133,1,'登陆系统','123.138.233.103','2018-06-10 15:00:03'),(4134,1,'登陆系统','123.138.233.103','2018-06-10 15:04:36'),(4135,1,'登陆系统','123.138.233.103','2018-06-10 15:10:44'),(4136,1,'登陆系统','113.200.106.38','2018-06-10 15:24:37'),(4137,1,'登陆系统','123.138.233.103','2018-06-10 15:47:43'),(4138,1,'登陆系统','123.138.233.103','2018-06-10 15:48:45'),(4139,1,'登陆系统','123.138.233.103','2018-06-10 16:05:16'),(4140,1,'登陆系统','123.138.233.103','2018-06-10 16:32:16'),(4141,1,'登陆系统','123.138.233.103','2018-06-10 16:51:12'),(4142,1,'登陆系统','123.138.233.103','2018-06-10 17:26:42'),(4143,1,'登陆系统','123.138.233.103','2018-06-10 18:17:22'),(4144,1,'登陆系统','123.138.233.103','2018-06-10 18:18:17'),(4145,1,'登陆系统','123.138.233.103','2018-06-10 18:56:46'),(4146,1,'登陆系统','123.138.233.103','2018-06-10 19:05:09'),(4147,1,'登陆系统','123.138.233.103','2018-06-10 19:32:46'),(4148,1,'登陆系统','123.138.233.103','2018-06-10 19:48:25'),(4149,1,'登陆系统','123.138.233.103','2018-06-10 20:13:31'),(4150,1,'登陆系统','123.138.233.103','2018-06-10 20:23:33'),(4151,1,'登陆系统','123.138.233.103','2018-06-10 20:48:10'),(4152,1,'登陆系统','123.138.233.103','2018-06-10 20:52:28'),(4153,1,'登陆系统','123.138.233.103','2018-06-10 21:21:45'),(4154,1,'登陆系统','123.138.233.103','2018-06-10 22:41:45'),(4155,1,'登陆系统','123.138.233.103','2018-06-11 00:05:48'),(4156,1,'登陆系统','123.138.233.103','2018-06-11 00:06:58'),(4157,1,'登陆系统','123.138.233.103','2018-06-11 00:21:23'),(4158,1,'登陆系统','123.138.233.103','2018-06-11 00:22:17'),(4159,1,'登陆系统','123.138.233.103','2018-06-11 00:42:53'),(4160,1,'登陆系统','123.138.233.103','2018-06-11 01:02:41'),(4161,1,'登陆系统','123.139.66.55','2018-06-11 02:17:15'),(4162,1,'登陆系统','123.138.233.103','2018-06-11 07:19:44'),(4163,1,'登陆系统','123.138.233.103','2018-06-11 08:28:58'),(4164,1,'登陆系统','111.18.41.204','2018-06-11 09:03:22'),(4165,1,'登陆系统','111.18.41.204','2018-06-11 09:37:21'),(4166,1,'退出系统','111.18.41.204','2018-06-11 09:39:34'),(4167,1,'登陆系统','111.18.41.204','2018-06-11 09:46:49'),(4168,1,'登陆系统','111.18.41.204','2018-06-11 09:56:52'),(4169,1,'登陆系统','111.18.41.204','2018-06-11 10:07:12'),(4170,1,'登陆系统','111.18.41.204','2018-06-11 10:40:41'),(4171,1,'[消费记录] 导出cvs','111.18.41.204','2018-06-11 10:41:16'),(4172,1,'登陆系统','113.200.106.208','2018-06-11 10:57:22'),(4173,1,'登陆系统','111.18.41.204','2018-06-11 11:22:59'),(4174,1,'登陆系统','113.200.106.208','2018-06-11 12:11:54'),(4175,1,'登陆系统','111.18.41.204','2018-06-11 13:24:39'),(4176,1,'[消费记录] 导出cvs','111.18.41.204','2018-06-11 13:29:01'),(4177,1,'登陆系统','113.200.107.163','2018-06-11 14:00:49'),(4178,1,'登陆系统','113.200.107.163','2018-06-11 14:08:29'),(4179,1,'登陆系统','111.18.41.204','2018-06-11 14:23:17'),(4180,1,'登陆系统','113.200.205.141','2018-06-11 16:51:55'),(4181,1,'登陆系统','111.18.41.204','2018-06-11 17:01:25'),(4182,1,'登陆系统','111.18.41.204','2018-06-11 17:13:42'),(4183,1,'登陆系统','111.18.41.204','2018-06-11 17:21:35'),(4184,1,'登陆系统','123.138.233.104','2018-06-11 17:38:35'),(4185,1,'登陆系统','123.138.233.104','2018-06-11 17:39:48'),(4186,1,'登陆系统','111.18.41.204','2018-06-11 18:01:13'),(4187,1,'登陆系统','111.18.41.204','2018-06-11 18:14:05'),(4188,1,'登陆系统','111.18.41.204','2018-06-11 18:15:44'),(4189,1,'登陆系统','111.18.41.204','2018-06-11 18:16:48'),(4190,1,'[设备记录] 修改','111.18.41.204','2018-06-11 18:18:41'),(4191,1,'[设备记录] 修改','111.18.41.204','2018-06-11 18:19:47'),(4192,1,'[设备记录] 修改','111.18.41.204','2018-06-11 18:20:16'),(4193,1,'[设备记录] 修改','111.18.41.204','2018-06-11 18:20:56'),(4194,1,'[设备记录] 修改','111.18.41.204','2018-06-11 18:21:10'),(4195,1,'[设备记录] 修改','111.18.41.204','2018-06-11 18:21:31'),(4196,1,'[设备记录] 修改','111.18.41.210','2018-06-11 18:28:17'),(4197,1,'[设备记录] 修改','111.18.41.210','2018-06-11 18:28:49'),(4198,1,'[设备记录] 修改','111.18.41.210','2018-06-11 18:29:45'),(4199,1,'[设备记录] 修改','111.18.41.210','2018-06-11 18:30:29'),(4200,1,'[设备记录] 修改','111.18.41.210','2018-06-11 18:30:46'),(4201,1,'[设备记录] 修改','111.18.41.210','2018-06-11 18:31:32'),(4202,1,'[设备记录] 修改','111.18.41.210','2018-06-11 18:31:43'),(4203,1,'[设备记录] 修改','111.18.41.210','2018-06-11 18:31:53'),(4204,1,'[设备记录] 修改','111.18.41.210','2018-06-11 18:32:03'),(4205,1,'[设备记录] 修改','111.18.41.210','2018-06-11 18:33:29'),(4206,1,'[设备记录] 修改','111.18.41.210','2018-06-11 18:33:56'),(4207,1,'[设备记录] 修改','111.18.41.210','2018-06-11 18:36:53'),(4208,1,'[设备记录] 修改','111.18.41.210','2018-06-11 18:37:16'),(4209,1,'[设备记录] 修改','111.18.41.210','2018-06-11 18:37:30'),(4210,1,'[设备记录] 修改','111.18.41.210','2018-06-11 18:37:44'),(4211,1,'登陆系统','113.200.106.133','2018-06-11 18:38:14'),(4212,1,'[设备记录] 修改','111.18.41.210','2018-06-11 18:43:36'),(4213,1,'[设备记录] 修改','111.18.41.210','2018-06-11 18:44:01'),(4214,1,'登陆系统','113.200.106.133','2018-06-11 18:58:01'),(4215,1,'登陆系统','113.200.106.133','2018-06-11 19:00:15'),(4216,1,'登陆系统','113.200.85.236','2018-06-11 19:16:15'),(4217,1,'登陆系统','111.18.41.210','2018-06-11 19:27:08'),(4218,1,'登陆系统','113.200.85.236','2018-06-11 19:39:23'),(4219,1,'登陆系统','111.18.41.210','2018-06-11 20:30:52'),(4220,1,'登陆系统','117.33.123.70','2018-06-11 20:43:03'),(4221,1,'[在线用户] 修改','117.33.123.70','2018-06-11 20:43:48'),(4222,1,'[在线用户] 修改','117.33.123.70','2018-06-11 20:44:40'),(4223,1,'登陆系统','123.138.233.215','2018-06-11 20:50:06'),(4224,1,'登陆系统','123.138.233.215','2018-06-11 20:51:44'),(4225,1,'登陆系统','111.18.41.210','2018-06-11 22:58:42'),(4226,1,'登陆系统','123.138.233.215','2018-06-12 00:01:26'),(4227,1,'登陆系统','123.138.233.215','2018-06-12 00:13:18'),(4228,1,'登陆系统','111.18.41.210','2018-06-12 01:41:46'),(4229,1,'登陆系统','111.18.41.210','2018-06-12 04:53:50'),(4230,1,'登陆系统','113.200.85.141','2018-06-12 06:57:12'),(4231,1,'登陆系统','111.18.41.210','2018-06-12 09:00:00'),(4232,1,'登陆系统','111.18.41.210','2018-06-12 09:01:04'),(4233,1,'登陆系统','111.18.41.210','2018-06-12 09:14:49'),(4234,1,'登陆系统','111.18.41.210','2018-06-12 09:18:29'),(4235,1,'登陆系统','113.200.85.141','2018-06-12 09:36:53'),(4236,1,'登陆系统','111.18.41.210','2018-06-12 09:46:35'),(4237,1,'登陆系统','111.18.41.210','2018-06-12 10:41:34'),(4238,1,'登陆系统','113.200.85.141','2018-06-12 11:16:50'),(4239,1,'登陆系统','113.200.85.141','2018-06-12 11:49:40'),(4240,1,'登陆系统','113.200.85.141','2018-06-12 12:09:40'),(4241,1,'登陆系统','123.138.233.215','2018-06-12 12:45:26'),(4242,1,'登陆系统','123.138.233.215','2018-06-12 13:20:16'),(4243,1,'登陆系统','111.18.41.210','2018-06-12 14:03:32'),(4244,1,'设备290000021:356566077008365被删除','111.18.41.210','2018-06-12 14:09:44'),(4245,1,'[设备记录] 删除','111.18.41.210','2018-06-12 14:09:44'),(4246,1,'登陆系统','111.230.148.108','2018-06-12 14:23:38'),(4247,1,'[设备记录] 增加','111.230.148.108','2018-06-12 14:28:28'),(4248,1,'[设备记录] 修改','111.18.41.210','2018-06-12 14:50:04'),(4249,1,'[设备记录] 修改','111.18.41.210','2018-06-12 15:27:01'),(4250,1,'登陆系统','111.18.41.210','2018-06-12 15:33:58'),(4251,1,'登陆系统','111.18.41.210','2018-06-12 17:29:06'),(4252,1,'登陆系统','111.18.41.210','2018-06-12 18:03:38'),(4253,1,'登陆系统','113.200.85.33','2018-06-12 19:07:36'),(4254,1,'登陆系统','113.200.85.33','2018-06-12 19:25:24'),(4255,1,'登陆系统','113.200.85.33','2018-06-12 19:25:55'),(4256,1,'登陆系统','113.200.106.93','2018-06-12 19:48:30'),(4257,1,'登陆系统','1.83.236.95','2018-06-12 20:15:21'),(4258,1,'登陆系统','117.136.50.29','2018-06-12 22:34:50'),(4259,1,'登陆系统','117.136.50.29','2018-06-12 23:35:50'),(4260,1,'登陆系统','117.136.50.29','2018-06-13 01:10:03'),(4261,1,'登陆系统','117.136.50.29','2018-06-13 02:05:05'),(4262,1,'登陆系统','117.136.50.29','2018-06-13 02:17:12'),(4263,1,'登陆系统','111.18.41.201','2018-06-13 09:46:03'),(4264,1,'登陆系统','111.18.41.201','2018-06-13 10:12:05'),(4265,1,'登陆系统','111.18.41.201','2018-06-13 10:17:50'),(4266,1,'[在线用户] 修改','111.18.41.201','2018-06-13 10:25:47'),(4267,1,'登陆系统','123.149.214.106','2018-06-13 10:32:43'),(4268,1,'登陆系统','111.18.41.201','2018-06-13 10:40:39'),(4269,1,'[设备记录] 增加','123.149.214.106','2018-06-13 11:12:14'),(4270,1,'[设备记录] 修改','123.149.214.106','2018-06-13 11:12:23'),(4271,1,'[设备记录] 修改','111.18.41.201','2018-06-13 11:49:05'),(4272,1,'[在线用户] 修改','111.18.41.201','2018-06-13 11:52:45'),(4273,1,'[在线用户] 修改','111.18.41.201','2018-06-13 11:52:57'),(4274,1,'[设备记录] 修改','111.18.41.201','2018-06-13 11:54:19'),(4275,1,'登陆系统','117.136.25.185','2018-06-13 12:29:06'),(4276,1,'登陆系统','111.18.41.201','2018-06-13 13:49:12'),(4277,1,'登陆系统','111.18.41.201','2018-06-13 14:07:42'),(4278,1,'登陆系统','111.18.41.201','2018-06-13 14:38:35'),(4279,1,'登陆系统','123.138.233.123','2018-06-13 14:50:41'),(4280,1,'登陆系统','123.149.214.106','2018-06-13 16:05:42'),(4281,1,'登陆系统','113.133.203.160','2018-06-13 16:57:53'),(4282,1,'登陆系统','123.139.19.34','2018-06-13 17:21:25'),(4283,1,'登陆系统','111.18.41.201','2018-06-13 17:42:39'),(4284,1,'登陆系统','123.139.19.34','2018-06-13 18:52:33'),(4285,1,'[角色管理] 增加','111.18.41.223','2018-06-13 20:50:03'),(4286,1,'[权限管理] 修改','111.18.41.223','2018-06-13 20:51:15'),(4287,1,'[用户管理] 增加','111.18.41.223','2018-06-13 20:53:17'),(4288,1,'退出系统','111.18.41.223','2018-06-13 20:53:25'),(4289,16,'登陆系统','111.18.41.223','2018-06-13 20:53:53'),(4290,16,'退出系统','111.18.41.223','2018-06-13 20:56:28'),(4291,1,'登陆系统','111.18.41.223','2018-06-13 20:56:35'),(4292,1,'[权限管理] 修改','111.18.41.223','2018-06-13 20:57:36'),(4293,1,'[权限管理] 修改','111.18.41.223','2018-06-13 20:57:56'),(4294,1,'[用户管理] 删除','111.18.41.223','2018-06-13 20:58:09'),(4295,1,'[用户管理] 增加','111.18.41.223','2018-06-13 20:58:32'),(4296,1,'退出系统','111.18.41.223','2018-06-13 20:58:33'),(4297,17,'登陆系统','111.18.41.223','2018-06-13 20:58:51'),(4298,17,'退出系统','111.18.41.223','2018-06-13 20:59:19'),(4299,1,'登陆系统','111.18.41.223','2018-06-13 20:59:28'),(4300,1,'登陆系统','117.136.25.185','2018-06-13 21:49:35'),(4301,1,'登陆系统','117.136.25.185','2018-06-13 22:36:11'),(4302,1,'登陆系统','117.136.25.185','2018-06-13 22:40:23'),(4303,1,'登陆系统','123.139.105.157','2018-06-14 00:55:03'),(4304,1,'登陆系统','123.139.105.157','2018-06-14 00:56:20'),(4305,1,'登陆系统','123.139.105.157','2018-06-14 09:03:12'),(4306,1,'登陆系统','111.18.41.223','2018-06-14 09:06:47'),(4307,1,'登陆系统','111.18.41.223','2018-06-14 09:10:42'),(4308,1,'[消费记录] 导出cvs','111.18.41.223','2018-06-14 09:23:17'),(4309,1,'[消费记录] 导出cvs','111.18.41.223','2018-06-14 09:24:20'),(4310,1,'[微信充值记录] 导出cvs','111.18.41.223','2018-06-14 09:27:20'),(4311,1,'[微信充值记录] 导出cvs','111.18.41.223','2018-06-14 09:29:54'),(4312,1,'登陆系统','117.136.25.185','2018-06-14 10:14:42'),(4313,1,'登陆系统','111.18.41.223','2018-06-14 13:21:21'),(4314,1,'登陆系统','111.18.41.223','2018-06-14 13:22:33'),(4315,1,'退出系统','111.18.41.223','2018-06-14 13:41:43'),(4316,1,'登陆系统','111.18.41.223','2018-06-14 13:41:50'),(4317,1,'登陆系统','111.18.41.223','2018-06-14 13:57:01'),(4318,1,'登陆系统','113.200.107.204','2018-06-14 16:13:25'),(4319,1,'登陆系统','111.18.41.223','2018-06-14 16:21:53'),(4320,1,'登陆系统','111.18.41.223','2018-06-14 16:24:22'),(4321,1,'[消费记录] 导出cvs','111.18.41.234','2018-06-14 19:02:13'),(4322,1,'登陆系统','111.18.41.234','2018-06-14 19:14:32'),(4323,1,'登陆系统','36.47.17.106','2018-06-14 22:50:05'),(4324,1,'登陆系统','113.200.106.56','2018-06-15 00:26:32'),(4325,1,'登陆系统','113.200.106.56','2018-06-15 01:00:05'),(4326,1,'登陆系统','123.139.105.157','2018-06-15 01:10:29'),(4327,1,'登陆系统','113.200.106.51','2018-06-15 01:13:01'),(4328,1,'登陆系统','123.139.35.103','2018-06-15 06:54:58'),(4329,1,'登陆系统','111.18.41.234','2018-06-15 07:54:54'),(4330,1,'[在线用户] 导出cvs','113.200.106.51','2018-06-15 08:32:30'),(4331,1,'登陆系统','111.18.41.234','2018-06-15 08:55:19'),(4332,1,'[在线用户] 修改','111.18.41.234','2018-06-15 09:34:39'),(4333,1,'登陆系统','123.138.232.45','2018-06-15 09:38:08'),(4334,1,'[在线用户] 修改','111.18.41.234','2018-06-15 09:40:43'),(4335,1,'[设备记录] 修改','111.18.41.234','2018-06-15 09:51:21'),(4336,1,'登陆系统','111.18.41.234','2018-06-15 10:28:54'),(4337,1,'登陆系统','111.18.41.234','2018-06-15 10:47:09'),(4338,1,'登陆系统','123.149.209.180','2018-06-15 11:11:48'),(4339,1,'登陆系统','111.18.41.234','2018-06-15 12:03:37'),(4340,1,'登陆系统','111.18.41.234','2018-06-15 12:47:15'),(4341,1,'登陆系统','113.200.107.25','2018-06-15 13:01:29'),(4342,1,'登陆系统','111.18.41.234','2018-06-15 13:02:57'),(4343,1,'登陆系统','111.18.41.234','2018-06-15 13:03:53'),(4344,1,'登陆系统','123.149.209.180','2018-06-15 13:47:55'),(4345,1,'登陆系统','111.18.41.234','2018-06-15 13:48:33'),(4346,1,'登陆系统','111.18.41.234','2018-06-15 15:28:53'),(4347,1,'登陆系统','111.18.41.234','2018-06-15 16:35:21'),(4348,1,'登陆系统','124.89.116.4','2018-06-15 17:19:26'),(4349,1,'登陆系统','124.89.116.4','2018-06-15 17:22:43'),(4350,1,'登陆系统','36.46.20.88','2018-06-15 18:23:40'),(4351,1,'登陆系统','36.46.20.88','2018-06-15 18:24:09'),(4352,1,'登陆系统','123.138.232.61','2018-06-15 18:42:00'),(4353,1,'登陆系统','111.18.41.240','2018-06-15 19:06:35'),(4354,1,'登陆系统','36.47.17.106','2018-06-15 19:21:54'),(4355,1,'登陆系统','123.138.232.61','2018-06-15 20:58:30'),(4356,1,'登陆系统','123.138.232.61','2018-06-15 21:23:16'),(4357,1,'登陆系统','123.138.232.61','2018-06-15 21:46:59'),(4358,1,'登陆系统','36.47.17.106','2018-06-15 22:59:25'),(4359,1,'登陆系统','123.138.232.61','2018-06-15 23:11:47'),(4360,1,'登陆系统','123.138.232.61','2018-06-15 23:34:12'),(4361,1,'登陆系统','123.139.112.134','2018-06-16 01:04:45'),(4362,1,'登陆系统','123.139.112.134','2018-06-16 11:08:49'),(4363,1,'登陆系统','123.139.112.134','2018-06-16 11:23:48'),(4364,1,'登陆系统','113.200.107.159','2018-06-16 11:51:37'),(4365,1,'登陆系统','113.200.85.167','2018-06-16 12:39:02'),(4366,1,'登陆系统','113.200.205.26','2018-06-16 13:46:31'),(4367,1,'登陆系统','111.18.41.240','2018-06-16 15:23:48'),(4368,1,'登陆系统','111.18.41.240','2018-06-16 16:37:31'),(4369,1,'登陆系统','111.18.41.240','2018-06-16 16:55:22'),(4370,1,'登陆系统','111.18.41.240','2018-06-16 16:55:59'),(4371,1,'登陆系统','111.18.41.240','2018-06-16 16:56:17'),(4372,1,'登陆系统','111.18.41.240','2018-06-16 16:56:30'),(4373,1,'登陆系统','111.18.41.221','2018-06-16 19:31:08'),(4374,1,'登陆系统','113.200.205.26','2018-06-16 21:19:50'),(4375,1,'登陆系统','113.200.205.26','2018-06-16 21:48:25'),(4376,1,'登陆系统','1.80.232.113','2018-06-16 22:39:15'),(4377,1,'登陆系统','113.200.205.26','2018-06-16 23:10:02'),(4378,1,'登陆系统','113.200.205.26','2018-06-17 00:23:36'),(4379,1,'登陆系统','113.200.205.26','2018-06-17 01:19:20'),(4380,1,'登陆系统','113.200.106.15','2018-06-17 09:19:32'),(4381,1,'登陆系统','1.80.232.113','2018-06-17 09:32:17'),(4382,1,'登陆系统','123.139.112.134','2018-06-17 09:59:04'),(4383,1,'登陆系统','123.139.112.134','2018-06-17 10:36:25'),(4384,1,'登陆系统','123.139.112.134','2018-06-17 10:37:50'),(4385,1,'登陆系统','123.139.112.134','2018-06-17 11:00:23'),(4386,1,'登陆系统','123.139.112.134','2018-06-17 11:29:43'),(4387,1,'登陆系统','123.139.112.134','2018-06-17 13:19:18'),(4388,1,'登陆系统','123.139.112.134','2018-06-17 14:10:32'),(4389,1,'登陆系统','123.139.112.134','2018-06-17 15:27:21'),(4390,1,'登陆系统','123.139.112.134','2018-06-17 15:40:19'),(4391,1,'登陆系统','123.139.112.134','2018-06-17 15:54:30'),(4392,1,'登陆系统','117.33.120.106','2018-06-17 16:13:00'),(4393,1,'[设备记录] 修改','117.33.120.106','2018-06-17 16:16:26'),(4394,1,'登陆系统','123.139.112.134','2018-06-17 16:19:27'),(4395,1,'[设备记录] 修改','1.81.67.19','2018-06-17 16:30:32'),(4396,1,'[设备记录] 修改','1.81.67.19','2018-06-17 16:32:07'),(4397,1,'登陆系统','113.200.205.26','2018-06-17 17:42:48'),(4398,1,'登陆系统','113.200.205.26','2018-06-17 18:45:21'),(4399,1,'登陆系统','113.200.205.26','2018-06-17 18:47:00'),(4400,1,'登陆系统','113.200.205.26','2018-06-17 20:50:06'),(4401,1,'登陆系统','113.200.205.26','2018-06-17 23:57:15'),(4402,1,'登陆系统','113.200.205.26','2018-06-17 23:58:44'),(4403,1,'登陆系统','113.143.142.125','2018-06-18 06:51:06'),(4404,1,'登陆系统','111.18.41.200','2018-06-18 07:52:30'),(4405,1,'[在线用户] 修改','111.18.41.200','2018-06-18 08:31:01'),(4406,1,'登陆系统','111.18.41.200','2018-06-18 08:57:31'),(4407,1,'登陆系统','36.47.19.234','2018-06-18 09:34:46'),(4408,1,'[在线用户] 修改','111.18.41.200','2018-06-18 12:04:12'),(4409,1,'[在线用户] 修改','111.18.41.200','2018-06-18 12:11:06'),(4410,1,'登陆系统','111.18.41.200','2018-06-18 12:55:40'),(4411,1,'登陆系统','111.18.41.200','2018-06-18 13:02:52'),(4412,1,'登陆系统','111.18.41.200','2018-06-18 14:21:02'),(4413,1,'登陆系统','124.89.79.37','2018-06-18 16:05:47'),(4414,1,'登陆系统','36.47.19.234','2018-06-18 16:58:49'),(4415,1,'登陆系统','36.47.19.234','2018-06-18 22:15:25'),(4416,1,'登陆系统','117.136.50.201','2018-06-18 22:16:29'),(4417,1,'登陆系统','117.136.50.201','2018-06-18 22:32:13'),(4418,1,'登陆系统','123.139.114.21','2018-06-18 22:46:19'),(4419,1,'登陆系统','123.139.114.21','2018-06-18 23:26:50'),(4420,1,'登陆系统','123.139.114.21','2018-06-19 09:08:42'),(4421,1,'登陆系统','111.18.41.194','2018-06-19 09:24:33'),(4422,1,'登陆系统','111.18.41.194','2018-06-19 09:48:24'),(4423,1,'登陆系统','111.18.41.194','2018-06-19 10:02:10'),(4424,1,'登陆系统','111.18.41.194','2018-06-19 10:39:32'),(4425,1,'登陆系统','123.139.114.21','2018-06-19 11:49:25'),(4426,1,'登陆系统','111.18.41.194','2018-06-19 12:14:33'),(4427,1,'登陆系统','123.139.114.21','2018-06-19 13:02:44'),(4428,15,'退出系统','111.18.41.232','2018-06-21 17:16:46'),(4429,1,'登陆系统','111.18.41.232','2018-06-21 17:16:52'),(4430,1,'[角色管理] 增加','111.18.41.232','2018-06-21 17:17:52'),(4431,1,'[权限管理] 修改','111.18.41.232','2018-06-21 17:18:22'),(4432,1,'[用户管理] 增加','111.18.41.232','2018-06-21 17:18:54'),(4433,1,'退出系统','111.18.41.232','2018-06-21 17:18:57'),(4434,18,'登陆系统','111.18.41.232','2018-06-21 17:19:07'),(4435,18,'退出系统','111.18.41.232','2018-06-21 17:21:07'),(4436,1,'登陆系统','111.18.41.232','2018-06-21 17:21:12'),(4437,1,'[用户管理] 修改','111.18.41.232','2018-06-21 17:22:38'),(4438,1,'退出系统','111.18.41.232','2018-06-21 17:25:29'),(4439,18,'登陆系统','111.18.41.232','2018-06-21 17:25:39'),(4440,18,'退出系统','111.18.41.232','2018-06-21 17:36:38'),(4441,1,'登陆系统','111.18.41.232','2018-06-21 17:36:45'),(4442,1,'[优惠设置] 修改','111.18.41.232','2018-06-21 17:40:15'),(4443,1,'[优惠设置] 修改','111.18.41.232','2018-06-21 17:40:37'),(4444,1,'[优惠设置] 修改','111.18.41.232','2018-06-21 17:40:46'),(4445,1,'[优惠设置] 修改','111.18.41.232','2018-06-21 17:41:46'),(4446,1,'[优惠设置] 修改','111.18.41.232','2018-06-21 17:42:52'),(4447,1,'[优惠设置] 修改','111.18.41.232','2018-06-21 17:46:36'),(4448,1,'[优惠设置] 修改','111.18.41.232','2018-06-21 17:46:42'),(4449,1,'登陆系统','61.150.12.160','2018-06-21 18:07:49'),(4450,1,'登陆系统','111.18.41.219','2018-06-21 18:28:15'),(4451,1,'退出系统','111.18.41.219','2018-06-21 19:20:24'),(4452,18,'登陆系统','111.18.41.219','2018-06-21 19:21:25'),(4453,1,'登陆系统','111.18.41.219','2018-06-21 19:24:00'),(4454,1,'[权限管理] 修改','111.18.41.219','2018-06-21 19:24:27'),(4455,18,'退出系统','111.18.41.219','2018-06-21 19:25:10'),(4456,18,'登陆系统','111.18.41.219','2018-06-21 19:25:27'),(4457,1,'登陆系统','111.18.41.219','2018-06-21 21:37:26'),(4458,1,'登陆系统','111.18.41.219','2018-06-22 09:05:09'),(4459,1,'登陆系统','111.18.41.219','2018-06-22 09:18:01'),(4460,1,'登陆系统','111.18.41.219','2018-06-22 11:21:27'),(4461,1,'[优惠设置] 修改','111.18.41.219','2018-06-22 11:36:01'),(4462,1,'[优惠设置] 修改','111.18.41.219','2018-06-22 11:48:50'),(4463,1,'[优惠设置] 修改','111.18.41.219','2018-06-22 11:49:09'),(4464,1,'登陆系统','111.18.41.219','2018-06-22 12:11:39'),(4465,1,'[优惠设置] 修改','111.18.41.219','2018-06-22 12:33:32'),(4466,1,'登陆系统','113.200.107.49','2018-06-22 13:15:16'),(4467,1,'[在线用户] 修改','111.18.41.219','2018-06-22 14:37:06'),(4468,1,'登陆系统','111.18.41.219','2018-06-22 17:37:27'),(4469,1,'登陆系统','117.33.113.133','2018-06-22 19:37:22'),(4470,1,'登陆系统','1.81.85.96','2018-06-22 19:42:43'),(4471,1,'登陆系统','111.18.41.240','2018-06-22 19:55:57'),(4472,1,'登陆系统','111.18.41.240','2018-06-22 21:14:06'),(4473,1,'登陆系统','113.200.205.178','2018-06-22 22:18:48'),(4474,1,'登陆系统','113.200.107.172','2018-06-22 23:32:09'),(4475,1,'登陆系统','113.200.107.172','2018-06-22 23:34:16'),(4476,1,'登陆系统','123.139.112.173','2018-06-22 23:40:26'),(4477,1,'登陆系统','113.201.56.46','2018-06-23 06:52:23'),(4478,1,'登陆系统','123.139.112.173','2018-06-23 07:29:27'),(4479,1,'登陆系统','123.139.112.173','2018-06-23 07:31:21'),(4480,1,'登陆系统','113.143.164.88','2018-06-23 07:44:57'),(4481,1,'[在线用户] 修改','113.143.164.88','2018-06-23 08:00:34'),(4482,1,'登陆系统','113.200.106.185','2018-06-23 11:48:41'),(4483,1,'登陆系统','113.200.106.185','2018-06-23 12:23:05'),(4484,1,'登陆系统','113.200.106.185','2018-06-23 12:58:13'),(4485,1,'登陆系统','123.139.21.63','2018-06-23 13:31:36'),(4486,1,'登陆系统','36.46.16.81','2018-06-23 13:38:28'),(4487,1,'[设备记录] 修改','36.46.16.81','2018-06-23 13:39:11'),(4488,1,'[设备记录] 修改','36.46.16.81','2018-06-23 13:40:24'),(4489,1,'登陆系统','113.200.85.123','2018-06-23 14:03:00'),(4490,1,'登陆系统','36.46.16.81','2018-06-23 14:05:23'),(4491,1,'登陆系统','111.18.41.231','2018-06-23 18:38:47'),(4492,1,'登陆系统','113.200.107.33','2018-06-23 19:45:24'),(4493,1,'登陆系统','123.139.112.173','2018-06-23 20:13:24'),(4494,1,'登陆系统','123.139.112.173','2018-06-23 20:14:15'),(4495,1,'登陆系统','123.139.112.173','2018-06-23 20:41:55'),(4496,1,'登陆系统','36.46.16.81','2018-06-23 20:45:18'),(4497,1,'登陆系统','123.139.112.173','2018-06-23 21:09:54'),(4498,1,'登陆系统','123.139.112.173','2018-06-23 21:39:04'),(4499,1,'登陆系统','123.139.112.173','2018-06-23 21:53:40'),(4500,1,'登陆系统','123.139.112.173','2018-06-23 21:57:55'),(4501,1,'登陆系统','123.139.112.173','2018-06-23 22:23:19'),(4502,1,'登陆系统','123.139.112.173','2018-06-23 22:35:39'),(4503,1,'登陆系统','123.139.112.173','2018-06-23 22:55:53'),(4504,1,'登陆系统','123.139.112.173','2018-06-24 07:49:19'),(4505,1,'登陆系统','123.139.112.173','2018-06-24 08:05:44'),(4506,1,'登陆系统','113.143.143.186','2018-06-24 08:14:20'),(4507,1,'登陆系统','113.143.143.186','2018-06-24 08:51:10'),(4508,1,'登陆系统','123.139.25.188','2018-06-24 09:54:25'),(4509,1,'登陆系统','123.138.233.221','2018-06-24 09:56:52'),(4510,1,'登陆系统','36.46.16.81','2018-06-24 15:13:04'),(4511,1,'[设备记录] 修改','36.46.16.81','2018-06-24 15:14:00'),(4512,1,'登陆系统','0:0:0:0:0:0:0:1','2018-07-17 05:15:08'),(4513,15,'登陆系统','0:0:0:0:0:0:0:1','2018-07-18 20:48:04'),(4514,15,'登陆系统','0:0:0:0:0:0:0:1','2018-07-18 23:03:35'),(4515,15,'登陆系统','0:0:0:0:0:0:0:1','2018-07-19 01:49:01'),(4516,15,'登陆系统','0:0:0:0:0:0:0:1','2018-07-19 02:05:36'),(4517,15,'登陆系统','0:0:0:0:0:0:0:1','2018-07-19 02:12:53'),(4518,15,'登陆系统','0:0:0:0:0:0:0:1','2018-07-19 02:13:35'),(4519,15,'登陆系统','0:0:0:0:0:0:0:1','2018-07-19 02:14:45'),(4520,15,'登陆系统','0:0:0:0:0:0:0:1','2018-07-19 02:16:06'),(4521,15,'登陆系统','0:0:0:0:0:0:0:1','2018-07-19 02:22:43'),(4522,15,'登陆系统','0:0:0:0:0:0:0:1','2018-07-22 09:49:43'),(4523,15,'登陆系统','0:0:0:0:0:0:0:1','2018-07-22 11:26:26'),(4524,15,'登陆系统','0:0:0:0:0:0:0:1','2018-07-22 13:44:04'),(4525,15,'登陆系统','0:0:0:0:0:0:0:1','2018-07-22 15:10:37'),(4526,15,'登陆系统','0:0:0:0:0:0:0:1','2018-07-22 15:34:38'),(4527,15,'登陆系统','127.0.0.1','2018-07-22 15:46:45'),(4528,15,'登陆系统','0:0:0:0:0:0:0:1','2018-07-22 17:08:52'),(4529,15,'登陆系统','0:0:0:0:0:0:0:1','2018-07-22 17:14:44'),(4530,15,'登陆系统','0:0:0:0:0:0:0:1','2018-07-22 17:16:42'),(4531,15,'登陆系统','0:0:0:0:0:0:0:1','2018-07-22 17:33:40'),(4532,15,'登陆系统','0:0:0:0:0:0:0:1','2018-07-22 17:48:01'),(4533,15,'登陆系统','0:0:0:0:0:0:0:1','2018-07-22 17:51:43'),(4534,15,'登陆系统','0:0:0:0:0:0:0:1','2018-07-22 17:55:46'),(4535,15,'登陆系统','0:0:0:0:0:0:0:1','2018-07-22 18:07:17'),(4536,15,'登陆系统','0:0:0:0:0:0:0:1','2018-07-29 14:56:38'),(4537,15,'登陆系统','0:0:0:0:0:0:0:1','2018-07-29 15:27:21'),(4538,15,'登陆系统','0:0:0:0:0:0:0:1','2018-07-29 15:28:26'),(4539,15,'登陆系统','0:0:0:0:0:0:0:1','2018-07-29 15:29:46'),(4540,15,'[菜单管理] 增加','0:0:0:0:0:0:0:1','2018-07-29 15:46:12'),(4541,15,'[在线表单] 生成代码','0:0:0:0:0:0:0:1','2018-07-29 15:47:31'),(4542,15,'[菜单管理] 删除','0:0:0:0:0:0:0:1','2018-07-29 15:48:21'),(4543,15,'登陆系统','0:0:0:0:0:0:0:1','2018-07-29 15:54:21'),(4544,15,'登陆系统','0:0:0:0:0:0:0:1','2018-07-29 15:55:14'),(4545,15,'登陆系统','0:0:0:0:0:0:0:1','2018-07-29 15:56:34'),(4546,15,'登陆系统','0:0:0:0:0:0:0:1','2018-07-29 16:23:38'),(4547,15,'登陆系统','0:0:0:0:0:0:0:1','2018-07-29 16:24:57'),(4548,15,'登陆系统','0:0:0:0:0:0:0:1','2018-07-29 17:01:04'),(4549,15,'登陆系统','0:0:0:0:0:0:0:1','2018-07-29 17:17:03'),(4550,15,'登陆系统','0:0:0:0:0:0:0:1','2018-07-29 17:28:04'),(4551,15,'登陆系统','0:0:0:0:0:0:0:1','2018-07-29 17:28:54'),(4552,15,'登陆系统','0:0:0:0:0:0:0:1','2018-07-29 17:33:24'),(4553,15,'登陆系统','0:0:0:0:0:0:0:1','2018-07-29 17:37:39'),(4554,15,'登陆系统','0:0:0:0:0:0:0:1','2018-07-29 17:47:09'),(4555,15,'登陆系统','0:0:0:0:0:0:0:1','2018-07-29 17:47:44'),(4556,15,'登陆系统','0:0:0:0:0:0:0:1','2018-07-29 18:12:29'),(4557,15,'登陆系统','0:0:0:0:0:0:0:1','2018-07-29 18:13:11'),(4558,15,'登陆系统','0:0:0:0:0:0:0:1','2018-08-05 03:05:25'),(4559,15,'登陆系统','0:0:0:0:0:0:0:1','2018-08-05 03:34:06'),(4560,15,'登陆系统','0:0:0:0:0:0:0:1','2018-08-07 02:42:30'),(4561,15,'登陆系统','0:0:0:0:0:0:0:1','2018-08-07 02:46:35'),(4562,15,'登陆系统','0:0:0:0:0:0:0:1','2018-08-07 02:49:24'),(4563,15,'登陆系统','0:0:0:0:0:0:0:1','2018-08-07 03:30:30'),(4564,15,'登陆系统','0:0:0:0:0:0:0:1','2018-08-07 03:53:00'),(4565,15,'登陆系统','0:0:0:0:0:0:0:1','2018-08-07 04:01:30'),(4566,15,'登陆系统','0:0:0:0:0:0:0:1','2018-08-07 04:03:03'),(4567,15,'登陆系统','0:0:0:0:0:0:0:1','2018-08-07 04:14:21'),(4568,15,'登陆系统','0:0:0:0:0:0:0:1','2018-08-07 04:16:18'),(4569,15,'登陆系统','0:0:0:0:0:0:0:1','2018-08-07 04:17:40'),(4570,15,'登陆系统','0:0:0:0:0:0:0:1','2018-08-07 04:20:06'),(4571,15,'登陆系统','0:0:0:0:0:0:0:1','2018-08-07 04:26:55'),(4572,15,'登陆系统','0:0:0:0:0:0:0:1','2018-08-11 21:13:07'),(4573,15,'登陆系统','0:0:0:0:0:0:0:1','2018-08-11 21:52:07'),(4574,15,'登陆系统','0:0:0:0:0:0:0:1','2018-08-11 22:35:54'),(4575,15,'登陆系统','0:0:0:0:0:0:0:1','2018-08-12 10:26:04'),(4576,15,'登陆系统','0:0:0:0:0:0:0:1','2018-08-12 11:51:12'),(4577,15,'登陆系统','0:0:0:0:0:0:0:1','2018-08-12 15:37:26'),(4578,15,'登陆系统','0:0:0:0:0:0:0:1','2018-08-12 16:07:22'),(4579,15,'登陆系统','0:0:0:0:0:0:0:1','2018-08-12 16:11:17'),(4580,15,'登陆系统','0:0:0:0:0:0:0:1','2018-08-12 16:13:30'),(4581,15,'[菜单管理] 增加','0:0:0:0:0:0:0:1','2018-08-12 17:00:23'),(4582,15,'登陆系统','0:0:0:0:0:0:0:1','2018-08-12 17:01:38'),(4583,15,'登陆系统','0:0:0:0:0:0:0:1','2018-08-12 17:02:56'),(4584,15,'登陆系统','0:0:0:0:0:0:0:1','2018-08-12 17:03:29'),(4585,15,'[菜单管理] 修改','0:0:0:0:0:0:0:1','2018-08-12 17:04:21'),(4586,15,'登陆系统','0:0:0:0:0:0:0:1','2018-08-12 17:04:42'),(4587,15,'登陆系统','0:0:0:0:0:0:0:1','2018-08-12 17:06:36'),(4588,15,'登陆系统','0:0:0:0:0:0:0:1','2018-08-12 17:24:34'),(4589,15,'登陆系统','127.0.0.1','2018-08-12 17:26:14'),(4590,15,'登陆系统','0:0:0:0:0:0:0:1','2018-08-12 17:27:06');

/*Table structure for table `sys_role` */

DROP TABLE IF EXISTS `sys_role`;

CREATE TABLE `sys_role` (
  `id` int(11) unsigned NOT NULL AUTO_INCREMENT COMMENT 'id',
  `role_name` varchar(11) DEFAULT NULL COMMENT '角色名称',
  `create_time` timestamp NOT NULL DEFAULT CURRENT_TIMESTAMP COMMENT '创建时间',
  PRIMARY KEY (`id`) USING BTREE
) ENGINE=InnoDB AUTO_INCREMENT=13 DEFAULT CHARSET=utf8 ROW_FORMAT=DYNAMIC COMMENT='角色管理';

/*Data for the table `sys_role` */

insert  into `sys_role`(`id`,`role_name`,`create_time`) values (1,'系统管理员','2016-02-04 21:05:45'),(9,'开卡专用','2017-04-12 21:15:44'),(10,'客服','2018-06-13 20:50:02'),(11,'代理','2018-06-21 17:17:51'),(12,'xiaohuang','2018-07-22 15:10:30');

/*Table structure for table `sys_role_btn` */

DROP TABLE IF EXISTS `sys_role_btn`;

CREATE TABLE `sys_role_btn` (
  `id` int(11) unsigned NOT NULL AUTO_INCREMENT COMMENT 'id',
  `role_id` int(11) DEFAULT NULL COMMENT '角色id',
  `btn_id` int(11) DEFAULT NULL COMMENT '按钮id',
  `create_time` timestamp NOT NULL DEFAULT CURRENT_TIMESTAMP COMMENT '创建时间',
  PRIMARY KEY (`id`) USING BTREE
) ENGINE=InnoDB AUTO_INCREMENT=3455 DEFAULT CHARSET=utf8 ROW_FORMAT=DYNAMIC;

/*Data for the table `sys_role_btn` */

insert  into `sys_role_btn`(`id`,`role_id`,`btn_id`,`create_time`) values (249,2,10,'2017-01-25 19:04:21'),(250,2,9,'2017-01-25 19:04:21'),(251,2,8,'2017-01-25 19:04:21'),(252,2,7,'2017-01-25 19:04:21'),(253,2,14,'2017-01-25 19:04:21'),(254,2,13,'2017-01-25 19:04:21'),(255,2,12,'2017-01-25 19:04:21'),(256,2,11,'2017-01-25 19:04:21'),(257,2,6,'2017-01-25 19:04:21'),(258,2,5,'2017-01-25 19:04:21'),(259,2,4,'2017-01-25 19:04:21'),(260,2,3,'2017-01-25 19:04:21'),(338,6,33,'2017-01-25 20:33:40'),(339,6,32,'2017-01-25 20:33:40'),(340,6,31,'2017-01-25 20:33:40'),(341,6,30,'2017-01-25 20:33:40'),(342,6,42,'2017-01-25 20:33:40'),(343,6,37,'2017-01-25 20:33:40'),(344,6,36,'2017-01-25 20:33:40'),(345,6,35,'2017-01-25 20:33:40'),(346,6,34,'2017-01-25 20:33:40'),(347,6,41,'2017-01-25 20:33:40'),(348,6,40,'2017-01-25 20:33:40'),(349,6,39,'2017-01-25 20:33:40'),(350,6,38,'2017-01-25 20:33:40'),(351,6,29,'2017-01-25 20:33:40'),(352,6,28,'2017-01-25 20:33:40'),(353,6,27,'2017-01-25 20:33:40'),(354,6,26,'2017-01-25 20:33:40'),(499,5,33,'2017-04-04 17:20:24'),(500,5,32,'2017-04-04 17:20:24'),(501,5,31,'2017-04-04 17:20:24'),(502,5,30,'2017-04-04 17:20:24'),(503,5,43,'2017-04-04 17:20:24'),(504,5,42,'2017-04-04 17:20:24'),(505,5,37,'2017-04-04 17:20:24'),(506,5,36,'2017-04-04 17:20:24'),(507,5,35,'2017-04-04 17:20:24'),(508,5,34,'2017-04-04 17:20:24'),(509,5,47,'2017-04-04 17:20:24'),(510,5,46,'2017-04-04 17:20:24'),(511,5,45,'2017-04-04 17:20:24'),(512,5,44,'2017-04-04 17:20:24'),(513,5,51,'2017-04-04 17:20:24'),(514,5,50,'2017-04-04 17:20:24'),(515,5,49,'2017-04-04 17:20:24'),(516,5,48,'2017-04-04 17:20:24'),(517,5,55,'2017-04-04 17:20:24'),(518,5,54,'2017-04-04 17:20:24'),(519,5,53,'2017-04-04 17:20:24'),(520,5,52,'2017-04-04 17:20:24'),(533,7,56,'2017-04-04 19:24:41'),(534,7,29,'2017-04-04 19:24:41'),(535,7,28,'2017-04-04 19:24:41'),(536,7,27,'2017-04-04 19:24:41'),(537,7,26,'2017-04-04 19:24:41'),(538,7,47,'2017-04-04 19:24:41'),(539,7,46,'2017-04-04 19:24:41'),(540,7,45,'2017-04-04 19:24:41'),(541,7,44,'2017-04-04 19:24:41'),(1013,8,33,'2017-04-26 09:41:41'),(1014,8,32,'2017-04-26 09:41:41'),(1015,8,31,'2017-04-26 09:41:41'),(1016,8,30,'2017-04-26 09:41:41'),(1017,8,29,'2017-04-26 09:41:41'),(1018,8,28,'2017-04-26 09:41:41'),(1019,8,27,'2017-04-26 09:41:41'),(1020,8,26,'2017-04-26 09:41:41'),(1021,8,47,'2017-04-26 09:41:41'),(1022,8,46,'2017-04-26 09:41:41'),(1023,8,45,'2017-04-26 09:41:41'),(1024,8,44,'2017-04-26 09:41:41'),(1025,8,51,'2017-04-26 09:41:41'),(1026,8,50,'2017-04-26 09:41:41'),(1027,8,49,'2017-04-26 09:41:41'),(1028,8,48,'2017-04-26 09:41:41'),(1029,8,55,'2017-04-26 09:41:41'),(1030,8,54,'2017-04-26 09:41:41'),(1860,13,29,'2017-06-23 23:08:48'),(1861,13,85,'2017-06-23 23:08:48'),(1862,13,84,'2017-06-23 23:08:48'),(1863,13,83,'2017-06-23 23:08:48'),(1864,13,82,'2017-06-23 23:08:48'),(1865,13,80,'2017-06-23 23:08:48'),(1866,13,79,'2017-06-23 23:08:48'),(1867,13,78,'2017-06-23 23:08:48'),(1868,13,77,'2017-06-23 23:08:48'),(3381,12,33,'2018-01-24 13:30:44'),(3382,12,81,'2018-01-24 13:30:44'),(3383,12,29,'2018-01-24 13:30:44'),(3384,12,28,'2018-01-24 13:30:44'),(3385,12,27,'2018-01-24 13:30:44'),(3386,12,26,'2018-01-24 13:30:44'),(3387,12,44,'2018-01-24 13:30:44'),(3388,12,51,'2018-01-24 13:30:44'),(3389,12,50,'2018-01-24 13:30:44'),(3390,12,49,'2018-01-24 13:30:44'),(3391,12,48,'2018-01-24 13:30:44'),(3392,12,55,'2018-01-24 13:30:44'),(3393,12,54,'2018-01-24 13:30:44'),(3394,12,53,'2018-01-24 13:30:44'),(3395,12,52,'2018-01-24 13:30:44'),(3396,12,60,'2018-01-24 13:30:44'),(3397,12,76,'2018-01-24 13:30:44'),(3398,12,75,'2018-01-24 13:30:44'),(3399,12,74,'2018-01-24 13:30:44'),(3400,12,73,'2018-01-24 13:30:44'),(3401,12,67,'2018-01-24 13:30:44'),(3402,12,66,'2018-01-24 13:30:44'),(3403,12,65,'2018-01-24 13:30:44'),(3404,12,64,'2018-01-24 13:30:44'),(3405,12,85,'2018-01-24 13:30:44'),(3406,12,80,'2018-01-24 13:30:44'),(3423,10,33,'2018-06-13 20:57:35'),(3424,10,29,'2018-06-13 20:57:35'),(3425,10,47,'2018-06-13 20:57:35'),(3426,10,46,'2018-06-13 20:57:36'),(3427,10,45,'2018-06-13 20:57:36'),(3428,10,44,'2018-06-13 20:57:36'),(3429,10,51,'2018-06-13 20:57:36'),(3430,10,50,'2018-06-13 20:57:36'),(3431,10,49,'2018-06-13 20:57:36'),(3432,10,48,'2018-06-13 20:57:36'),(3433,10,55,'2018-06-13 20:57:36'),(3434,10,60,'2018-06-13 20:57:36'),(3435,10,59,'2018-06-13 20:57:36'),(3436,10,76,'2018-06-13 20:57:36'),(3437,10,64,'2018-06-13 20:57:36'),(3438,10,80,'2018-06-13 20:57:36'),(3439,9,25,'2018-06-13 20:57:55'),(3440,9,33,'2018-06-13 20:57:55'),(3441,9,29,'2018-06-13 20:57:55'),(3442,9,47,'2018-06-13 20:57:55'),(3443,9,46,'2018-06-13 20:57:55'),(3444,9,45,'2018-06-13 20:57:55'),(3445,9,44,'2018-06-13 20:57:55'),(3446,9,51,'2018-06-13 20:57:55'),(3447,9,55,'2018-06-13 20:57:55'),(3448,9,60,'2018-06-13 20:57:55'),(3449,9,76,'2018-06-13 20:57:55'),(3450,9,68,'2018-06-13 20:57:55'),(3451,9,72,'2018-06-13 20:57:55'),(3452,9,64,'2018-06-13 20:57:55'),(3453,9,85,'2018-06-13 20:57:55'),(3454,9,80,'2018-06-13 20:57:55');

/*Table structure for table `sys_role_datarule` */

DROP TABLE IF EXISTS `sys_role_datarule`;

CREATE TABLE `sys_role_datarule` (
  `id` int(11) unsigned NOT NULL AUTO_INCREMENT COMMENT 'id',
  `role_id` int(11) NOT NULL COMMENT '角色',
  `datarule_id` int(11) NOT NULL COMMENT '数据规则',
  `create_time` timestamp NOT NULL DEFAULT CURRENT_TIMESTAMP COMMENT '创建时间',
  PRIMARY KEY (`id`) USING BTREE
) ENGINE=InnoDB AUTO_INCREMENT=8 DEFAULT CHARSET=utf8 ROW_FORMAT=DYNAMIC COMMENT='角色数据规则';

/*Data for the table `sys_role_datarule` */

insert  into `sys_role_datarule`(`id`,`role_id`,`datarule_id`,`create_time`) values (7,5,5,'2017-04-04 17:20:24');

/*Table structure for table `sys_role_menu` */

DROP TABLE IF EXISTS `sys_role_menu`;

CREATE TABLE `sys_role_menu` (
  `id` int(11) unsigned NOT NULL AUTO_INCREMENT COMMENT 'id',
  `role_id` int(11) DEFAULT NULL COMMENT '角色',
  `menu_id` int(11) DEFAULT NULL COMMENT '菜单',
  `create_time` timestamp NOT NULL DEFAULT CURRENT_TIMESTAMP COMMENT '创建时间',
  PRIMARY KEY (`id`) USING BTREE
) ENGINE=InnoDB AUTO_INCREMENT=3056 DEFAULT CHARSET=utf8 ROW_FORMAT=DYNAMIC COMMENT='角色菜单';

/*Data for the table `sys_role_menu` */

insert  into `sys_role_menu`(`id`,`role_id`,`menu_id`,`create_time`) values (573,6,18,'2017-01-25 20:33:40'),(574,6,15,'2017-01-25 20:33:40'),(575,6,16,'2017-01-25 20:33:40'),(576,6,17,'2017-01-25 20:33:40'),(639,5,19,'2017-04-04 17:20:24'),(660,7,19,'2017-04-04 19:24:41'),(661,7,20,'2017-04-04 19:24:41'),(662,7,21,'2017-04-04 19:24:41'),(663,7,17,'2017-04-04 19:24:41'),(664,7,15,'2017-04-04 19:24:41'),(665,7,18,'2017-04-04 19:24:41'),(1095,8,19,'2017-04-26 09:41:41'),(1096,8,20,'2017-04-26 09:41:41'),(1097,8,21,'2017-04-26 09:41:41'),(1098,8,29,'2017-04-26 09:41:41'),(1099,8,15,'2017-04-26 09:41:41'),(1100,8,18,'2017-04-26 09:41:41'),(1728,13,19,'2017-06-23 23:08:47'),(1729,13,20,'2017-06-23 23:08:47'),(1730,13,21,'2017-06-23 23:08:47'),(1731,13,29,'2017-06-23 23:08:47'),(1732,13,15,'2017-06-23 23:08:47'),(1733,13,33,'2017-06-23 23:08:47'),(1734,13,34,'2017-06-23 23:08:48'),(1735,13,25,'2017-06-23 23:08:48'),(1736,13,18,'2017-06-23 23:08:48'),(2776,1,19,'2017-12-07 11:36:07'),(2777,1,20,'2017-12-07 11:36:07'),(2778,1,21,'2017-12-07 11:36:07'),(2779,1,29,'2017-12-07 11:36:07'),(2780,1,33,'2017-12-07 11:36:07'),(2781,1,15,'2017-12-07 11:36:07'),(2782,1,34,'2017-12-07 11:36:07'),(2783,1,25,'2017-12-07 11:36:07'),(2784,1,2,'2017-12-07 11:36:07'),(2785,1,3,'2017-12-07 11:36:07'),(2786,1,4,'2017-12-07 11:36:07'),(2987,12,19,'2018-01-24 13:30:44'),(2988,12,20,'2018-01-24 13:30:44'),(2989,12,21,'2018-01-24 13:30:44'),(2990,12,29,'2018-01-24 13:30:44'),(2991,12,15,'2018-01-24 13:30:44'),(2992,12,33,'2018-01-24 13:30:44'),(2993,12,34,'2018-01-24 13:30:44'),(2994,12,25,'2018-01-24 13:30:44'),(2995,12,18,'2018-01-24 13:30:44'),(2996,15,19,'2018-02-24 11:38:53'),(2997,15,20,'2018-02-24 11:38:53'),(2998,15,21,'2018-02-24 11:38:53'),(2999,15,29,'2018-02-24 11:38:53'),(3000,15,15,'2018-02-24 11:38:53'),(3001,15,33,'2018-02-24 11:38:53'),(3002,15,34,'2018-02-24 11:38:53'),(3003,15,25,'2018-02-24 11:38:53'),(3004,15,24,'2018-02-24 11:38:53'),(3016,10,29,'2018-06-13 20:57:35'),(3017,10,15,'2018-06-13 20:57:35'),(3018,10,33,'2018-06-13 20:57:35'),(3019,10,34,'2018-06-13 20:57:35'),(3020,10,25,'2018-06-13 20:57:35'),(3021,10,18,'2018-06-13 20:57:35'),(3022,10,35,'2018-06-13 20:57:35'),(3023,10,27,'2018-06-13 20:57:35'),(3024,10,28,'2018-06-13 20:57:35'),(3025,10,31,'2018-06-13 20:57:35'),(3026,10,38,'2018-06-13 20:57:35'),(3027,10,39,'2018-06-13 20:57:35'),(3028,9,19,'2018-06-13 20:57:55'),(3029,9,20,'2018-06-13 20:57:55'),(3030,9,21,'2018-06-13 20:57:55'),(3031,9,29,'2018-06-13 20:57:55'),(3032,9,15,'2018-06-13 20:57:55'),(3033,9,33,'2018-06-13 20:57:55'),(3034,9,34,'2018-06-13 20:57:55'),(3035,9,25,'2018-06-13 20:57:55'),(3036,9,18,'2018-06-13 20:57:55'),(3037,9,23,'2018-06-13 20:57:55'),(3038,9,35,'2018-06-13 20:57:55'),(3048,11,29,'2018-06-21 19:24:27'),(3049,11,15,'2018-06-21 19:24:27'),(3050,11,33,'2018-06-21 19:24:27'),(3051,11,34,'2018-06-21 19:24:27'),(3052,11,18,'2018-06-21 19:24:27'),(3053,11,35,'2018-06-21 19:24:27'),(3054,11,27,'2018-06-21 19:24:27'),(3055,11,28,'2018-06-21 19:24:27');

/*Table structure for table `sys_user` */

DROP TABLE IF EXISTS `sys_user`;

CREATE TABLE `sys_user` (
  `id` int(11) unsigned NOT NULL AUTO_INCREMENT,
  `user_name` varchar(50) DEFAULT NULL COMMENT '用户名',
  `password` varchar(50) DEFAULT NULL COMMENT '密码',
  `roles` varchar(100) DEFAULT NULL COMMENT '角色',
  `create_time` timestamp NOT NULL DEFAULT CURRENT_TIMESTAMP COMMENT '创建时间',
  `openid` varchar(30) DEFAULT NULL,
  `pid` int(11) DEFAULT NULL,
  `rate` varchar(30) DEFAULT NULL,
  PRIMARY KEY (`id`) USING BTREE
) ENGINE=MyISAM AUTO_INCREMENT=19 DEFAULT CHARSET=utf8 ROW_FORMAT=DYNAMIC COMMENT='用户管理';

/*Data for the table `sys_user` */

insert  into `sys_user`(`id`,`user_name`,`password`,`roles`,`create_time`,`openid`,`pid`,`rate`) values (1,'zcurd','-1ef523c6b645a65441a91fa80df077c2','1','2017-10-18 21:15:16','11',NULL,NULL),(11,'开卡专用','zheshimima0.','9','2017-12-25 18:35:13',NULL,NULL,NULL),(13,'梧桐郡','zheshimima0.','12','2018-01-24 13:27:59',NULL,NULL,NULL),(15,'admin','123456','1','2016-01-08 15:33:05','oHxT3wDuZ6jUpVFF6PbnBVgx3YAA',1,'0.006'),(17,'kefu','12345678','9','2018-06-13 20:58:31',NULL,NULL,NULL),(18,'agent01','ycyl...','11','2018-06-21 17:18:53',NULL,NULL,NULL);

/*Table structure for table `task_base` */

DROP TABLE IF EXISTS `task_base`;

CREATE TABLE `task_base` (
  `id` int(11) NOT NULL AUTO_INCREMENT COMMENT 'id',
  `name` varchar(50) NOT NULL DEFAULT '' COMMENT '名称',
  `target_type` int(11) DEFAULT NULL COMMENT '任务类型',
  `target_value` text COMMENT '任务值',
  `cron` varchar(50) DEFAULT NULL COMMENT 'cron表达式',
  `last_run_result` varchar(50) DEFAULT NULL COMMENT '上次执行结果',
  `last_run_time` datetime DEFAULT NULL COMMENT '上次执行时间',
  `last_run_time_cost` int(11) DEFAULT NULL COMMENT '上次执行耗时',
  `status` int(11) DEFAULT NULL COMMENT '状态',
  `create_user_id` int(11) DEFAULT NULL COMMENT '创建人',
  `create_time` timestamp NOT NULL DEFAULT CURRENT_TIMESTAMP COMMENT '创建时间',
  PRIMARY KEY (`id`) USING BTREE
) ENGINE=InnoDB DEFAULT CHARSET=utf8 ROW_FORMAT=DYNAMIC COMMENT='定时任务';

/*Data for the table `task_base` */

/*Table structure for table `task_log` */

DROP TABLE IF EXISTS `task_log`;

CREATE TABLE `task_log` (
  `id` int(11) NOT NULL AUTO_INCREMENT COMMENT 'id',
  `task_id` int(11) DEFAULT NULL COMMENT '所属任务',
  `result` varchar(50) DEFAULT NULL COMMENT '执行结果',
  `start_time` datetime DEFAULT NULL COMMENT '开始时间',
  `end_time` datetime DEFAULT NULL COMMENT '结束时间',
  `cost_time` int(11) DEFAULT NULL COMMENT '耗时',
  `remark` varchar(500) DEFAULT NULL COMMENT '备注',
  PRIMARY KEY (`id`) USING BTREE
) ENGINE=InnoDB DEFAULT CHARSET=utf8 ROW_FORMAT=DYNAMIC COMMENT='定时任务-日志';

/*Data for the table `task_log` */

/*Table structure for table `tb_proc_log` */

DROP TABLE IF EXISTS `tb_proc_log`;

CREATE TABLE `tb_proc_log` (
  `id` int(11) NOT NULL AUTO_INCREMENT COMMENT 'id',
  `proc_name` varchar(50) DEFAULT NULL COMMENT '过程名称',
  `statu` varchar(20) DEFAULT NULL COMMENT '状态',
  `start_time` datetime DEFAULT CURRENT_TIMESTAMP COMMENT '开始时间',
  `end_time` datetime DEFAULT NULL COMMENT '结束时间',
  `cost_time` int(11) DEFAULT NULL COMMENT '耗时',
  `error_code` varchar(50) DEFAULT NULL COMMENT 'error_code',
  `error_msg` varchar(200) DEFAULT NULL COMMENT 'error_msg',
  `step` int(11) DEFAULT NULL COMMENT 'step',
  PRIMARY KEY (`id`) USING BTREE
) ENGINE=InnoDB DEFAULT CHARSET=utf8 ROW_FORMAT=DYNAMIC COMMENT='存储过程运行日志';

/*Data for the table `tb_proc_log` */

/*Table structure for table `zcurd_field` */

DROP TABLE IF EXISTS `zcurd_field`;

CREATE TABLE `zcurd_field` (
  `id` int(11) unsigned NOT NULL AUTO_INCREMENT,
  `head_id` int(11) DEFAULT NULL COMMENT '所属表',
  `field_name` varchar(100) DEFAULT NULL COMMENT '字段名称',
  `column_name` varchar(100) DEFAULT NULL COMMENT '列表列名',
  `column_length` int(11) DEFAULT '120' COMMENT '列宽',
  `data_type` varchar(50) DEFAULT NULL COMMENT '数据类型',
  `input_type` varchar(50) DEFAULT 'easyui-textbox' COMMENT '控件类型',
  `is_show_list` int(11) DEFAULT '1' COMMENT '是否列表显示',
  `is_allow_detail` int(11) DEFAULT '1' COMMENT '是否详情显示',
  `is_allow_add` int(11) DEFAULT '1' COMMENT '是否允许增加',
  `is_allow_update` int(11) DEFAULT '1' COMMENT '是否允许编辑',
  `is_search` int(11) DEFAULT '0' COMMENT '是否搜索',
  `is_allow_null` int(11) DEFAULT '1' COMMENT '是否允许为空',
  `dict_sql` varchar(1000) DEFAULT NULL COMMENT '字典sql',
  `order_num` int(11) DEFAULT '0' COMMENT '顺序',
  `search_type` int(11) DEFAULT '1' COMMENT '搜索类型(1:值,2:范围)',
  `is_sum` int(11) DEFAULT '0' COMMENT '是否汇总',
  `create_time` timestamp NOT NULL DEFAULT CURRENT_TIMESTAMP COMMENT '创建时间',
  `default_value` varchar(100) DEFAULT NULL COMMENT '默认值',
  PRIMARY KEY (`id`) USING BTREE
) ENGINE=MyISAM AUTO_INCREMENT=10361 DEFAULT CHARSET=utf8 ROW_FORMAT=DYNAMIC COMMENT='在线表单字段';

/*Data for the table `zcurd_field` */

insert  into `zcurd_field`(`id`,`head_id`,`field_name`,`column_name`,`column_length`,`data_type`,`input_type`,`is_show_list`,`is_allow_detail`,`is_allow_add`,`is_allow_update`,`is_search`,`is_allow_null`,`dict_sql`,`order_num`,`search_type`,`is_sum`,`create_time`,`default_value`) values (10226,28,'updateTime','最后更新时间',120,'datetime','easyui-datebox',1,1,1,1,0,1,'',15,1,0,'2017-04-04 18:25:56',NULL),(10225,28,'remark','备注',120,'varchar','easyui-textbox',1,1,1,1,1,1,'',14,1,0,'2017-04-04 18:25:56',NULL),(29,5,'method_name','后台method名称',120,'varchar','easyui-textbox',1,1,1,1,0,1,'',4,1,0,'2016-02-14 16:35:56',NULL),(27,5,'btn_name','按钮名称',100,'varchar','easyui-textbox',1,1,1,1,0,0,'',2,1,0,'2016-02-14 16:35:56',NULL),(34,6,'value','字段件值',80,'varchar','easyui-textbox',1,1,1,1,0,0,'',5,1,0,'2016-02-25 23:55:58',NULL),(36,6,'symbol','符号',80,'varchar','easyui-combobox',1,1,1,1,0,0,'select dict_key, dict_value from sys_dict where dict_type=\'datarule_symbol\'',4,1,0,'2016-02-28 03:20:56',NULL),(33,6,'field_name','字段名称',100,'varchar','easyui-textbox',1,1,1,1,0,0,'',3,1,0,'2016-02-25 23:55:58',NULL),(32,6,'menu_id','菜单',100,'int','easyui-combobox',1,1,1,1,1,0,'select id, menu_name from sys_menu',2,1,0,'2016-02-25 23:55:58',NULL),(44,8,'create_time','创建时间',120,'timestamp','easyui-datebox',1,1,0,0,0,1,'',0,1,0,'2016-02-12 01:58:39',NULL),(43,8,'role_name','角色名称',120,'varchar','easyui-textbox',1,1,1,1,0,0,'',0,1,0,'2016-02-12 01:58:39',NULL),(42,8,'id','id',120,'int','easyui-numberspinner',1,1,1,1,0,0,'',0,1,0,'2016-02-12 01:58:39',NULL),(30,5,'create_time','创建时间',120,'timestamp','easyui-datebox',0,0,0,0,0,0,'',5,1,0,'2016-02-14 16:35:56',NULL),(37,7,'id','id',120,'int','easyui-numberspinner',1,1,1,1,0,0,'',0,1,0,'2016-03-01 04:39:14',NULL),(41,7,'create_time','创建时间',120,'timestamp','easyui-datebox',1,1,0,0,1,0,'',4,2,0,'2016-03-01 04:39:14',NULL),(40,7,'dict_value','值',120,'varchar','easyui-textbox',1,1,1,1,1,0,'',2,1,0,'2016-03-01 04:39:14',NULL),(39,7,'dict_key','键',120,'varchar','easyui-textbox',1,1,1,1,1,0,'',3,1,0,'2016-03-01 04:39:14',NULL),(38,7,'dict_type','类型',120,'varchar','easyui-combobox',1,1,1,1,1,0,'select distinct dict_type as \'key\', dict_type as \'value\' from sys_dict',1,1,0,'2016-03-01 04:39:14',NULL),(61,12,'roles','角色',120,'varchar','easyui-combobox',1,1,1,1,0,1,'select id, role_name from sys_role where id>1',4,1,0,'2016-02-23 04:31:08',NULL),(59,12,'password','密码',120,'varchar','easyui-textbox',1,1,1,1,0,1,'',3,1,0,'2016-01-07 21:31:45',NULL),(58,12,'user_name','用户名',120,'varchar','easyui-textbox',1,1,1,1,1,1,'',2,1,0,'2016-01-07 21:31:45',NULL),(57,12,'id','id',120,'int','easyui-textbox',1,1,1,1,0,1,'',1,1,0,'2016-01-07 21:31:45',NULL),(31,6,'id','id',120,'int','easyui-numberspinner',1,1,1,1,0,0,'',1,1,0,'2016-02-25 23:55:58',NULL),(3,1,'btn_name','按钮名称',80,'varchar','easyui-textbox',1,1,1,1,0,0,'',3,1,0,'2016-01-11 21:58:48',NULL),(10000,1,'head_id','所属表单',100,'int','easyui-combobox',1,1,1,1,1,0,'select id, form_name from zcurd_head',2,1,0,'2016-09-27 00:06:53',NULL),(35,6,'create_time','创建时间',120,'timestamp','easyui-datebox',0,0,0,0,0,0,'',6,1,0,'2016-02-25 23:55:58',NULL),(25,5,'id','id',120,'int','easyui-numberspinner',1,1,1,1,0,0,'',0,1,0,'2016-02-14 16:35:56',NULL),(28,5,'class_name','页面class名称',100,'varchar','easyui-textbox',1,1,1,1,0,0,'',3,1,0,'2016-02-14 16:35:56',NULL),(1,1,'create_time','创建时间',130,'timestamp','easyui-textbox',1,1,0,0,0,1,'',7,1,0,'2016-01-11 21:58:48',NULL),(2,1,'func_content','方法内容',120,'text','textarea',0,1,1,1,0,0,'',6,1,0,'2016-01-11 21:58:48',NULL),(4,1,'location','按钮位置',80,'int','easyui-combobox',1,1,1,1,0,0,'select 1, \'顶部\' union all select 2, \'行内\'',4,1,0,'2016-01-11 21:58:48',NULL),(5,1,'action','行为',80,'int','easyui-combobox',1,1,1,1,0,0,'select 0, \'自定义\' union all select 1, \'打开子页面\'',5,1,0,'2016-01-11 21:58:48',NULL),(6,2,'create_time','创建时间',130,'timestamp','easyui-textbox',1,1,0,0,0,1,'',5,1,0,'2016-01-12 15:35:01',NULL),(7,2,'js_content','js内容',120,'text','textarea',0,1,1,1,0,0,'',4,1,0,'2016-01-12 15:35:01',NULL),(8,2,'page','页面',120,'varchar','easyui-textbox',1,1,1,1,0,0,'',3,1,0,'2016-01-12 15:35:01',NULL),(9,2,'head_id','所属表单',120,'int','easyui-combobox',1,1,1,1,1,0,'select id, form_name from zcurd_head',2,1,0,'2016-01-12 15:35:01',NULL),(26,5,'menu_id','所属菜单',100,'int','easyui-combobox',1,1,1,1,1,0,'select id, menu_name from sys_menu',1,1,0,'2016-02-14 16:35:56',NULL),(10202,26,'chargenum','充值次数',120,'varchar','easyui-textbox',1,1,1,1,0,1,'',8,1,0,'2017-04-04 13:38:02',NULL),(10205,26,'jointime','充卡时间',120,'datetime','easyui-datebox',1,1,1,1,1,1,'',11,2,0,'2017-04-04 13:38:02',NULL),(10186,24,'createTime','充值时间',120,'datetime','easyui-datebox',1,1,1,1,0,0,'',5,1,0,'2017-01-25 19:48:32',NULL),(10185,24,'amount','剩余金额(分)',120,'int','easyui-numberspinner',1,1,1,1,0,0,'',4,1,1,'2017-01-25 19:48:32',NULL),(10182,24,'id','id',120,'int','easyui-numberspinner',1,1,1,1,0,0,'',1,1,0,'2017-01-25 19:48:32',NULL),(10183,24,'openId','用户编号',120,'varchar','easyui-textbox',1,1,1,1,0,0,'',2,1,0,'2017-01-25 19:48:32',NULL),(10184,24,'money','充值金额(分)',120,'int','easyui-numberspinner',1,1,1,1,0,0,'',3,1,1,'2017-01-25 19:48:32',NULL),(10194,25,'property','物业名称',120,'varchar','easyui-textbox',1,1,1,1,0,1,'',7,1,0,'2017-03-31 00:07:01',NULL),(10193,25,'address','住址',120,'varchar','easyui-textbox',1,1,1,1,0,1,'',6,1,0,'2017-03-31 00:07:01',NULL),(10191,25,'phone','手机号',120,'varchar','easyui-textbox',1,1,1,1,1,0,'',4,1,0,'2017-03-31 00:07:01',NULL),(10192,25,'cardnum','卡号',120,'varchar','easyui-textbox',1,1,1,1,1,1,'',5,1,0,'2017-03-31 00:07:01',NULL),(10190,25,'propertyid','物业编号',120,'int','easyui-numberspinner',1,0,1,0,0,1,'',3,1,0,'2017-03-31 00:07:01',NULL),(10189,25,'name','用户名',120,'varchar','easyui-textbox',1,1,1,1,1,0,'',2,1,0,'2017-03-31 00:07:01',NULL),(10188,25,'id','id',120,'int','easyui-numberspinner',1,1,1,1,0,0,'',1,1,0,'2017-03-31 00:07:01',NULL),(10204,26,'total','总共次数',120,'varchar','easyui-textbox',1,1,1,1,0,1,'',10,1,0,'2017-04-04 13:38:02',NULL),(10216,28,'tow_hours_price','非员会2小时价格',120,'int','easyui-numberspinner',1,1,1,1,0,1,'',5,1,0,'2017-04-04 18:25:56',NULL),(10217,28,'four_hours_price','非员会4小时价格',120,'int','easyui-numberspinner',1,1,1,1,0,1,'',6,1,0,'2017-04-04 18:25:56',NULL),(10218,28,'eight_hours_price','非员会8小时价格',120,'int','easyui-numberspinner',1,1,1,1,0,1,'',7,1,0,'2017-04-04 18:25:56',NULL),(10221,28,'four_hours_mem_price','员会4小时价格',120,'int','easyui-numberspinner',1,1,1,1,0,1,'',10,1,0,'2017-04-04 18:25:56',NULL),(10220,28,'tow_hours_mem_price','员会2小时价格',120,'int','easyui-numberspinner',1,1,1,1,0,1,'',9,1,0,'2017-04-04 18:25:56',NULL),(10219,28,'twelve_hours_price','非员会12小时价格',120,'int','easyui-numberspinner',1,1,1,1,0,1,'',8,1,0,'2017-04-04 18:25:56',NULL),(10223,28,'twelve_hours_mem_price','员会12小时价格',120,'int','easyui-numberspinner',1,1,1,1,0,1,'',12,1,0,'2017-04-04 18:25:56',NULL),(10224,28,'status','状态',120,'char','easyui-textbox',1,1,1,1,0,1,'',13,1,0,'2017-04-04 18:25:56',NULL),(10206,27,'id','id',120,'int','easyui-numberspinner',1,1,1,1,0,0,'',1,1,0,'2017-04-04 16:26:15',NULL),(10210,27,'losttime','挂失时间',120,'datetime','easyui-datebox',1,1,1,1,1,1,'',5,2,0,'2017-04-04 16:26:15',NULL),(10211,27,'balance','剩余次数',120,'varchar','easyui-textbox',1,1,1,1,0,1,'',6,1,0,'2017-04-04 16:26:15',NULL),(10207,27,'uid','用户编号',120,'int','easyui-numberspinner',1,1,1,1,0,1,'',2,1,0,'2017-04-04 16:26:15',NULL),(10208,27,'name','用户姓名',120,'varchar','easyui-textbox',1,1,1,1,1,1,'',3,1,0,'2017-04-04 16:26:15',NULL),(10176,23,'cardnumber','卡号',120,'varchar','easyui-textbox',1,1,1,1,1,1,'',2,1,0,'2017-01-25 19:17:41',NULL),(10177,23,'createtime','办卡时间',120,'datetime','easyui-datebox',1,1,1,1,1,1,'',3,1,0,'2017-01-25 19:17:41',NULL),(10215,28,'area','设备位置',120,'varchar','easyui-textbox',1,1,1,1,1,1,'',4,1,0,'2017-04-04 18:25:56',NULL),(10214,28,'match_num','通讯序号',120,'varchar','easyui-textbox',1,1,1,1,1,1,'',3,1,0,'2017-04-04 18:25:56',NULL),(10213,28,'QR_num','设备序号',120,'varchar','easyui-textbox',1,1,1,1,1,1,'',2,1,0,'2017-04-04 18:25:56',NULL),(10212,28,'id','id',120,'int','easyui-numberspinner',1,1,1,1,0,0,'',1,1,0,'2017-04-04 18:25:56',NULL),(10174,22,'createDate','创建时间',120,'datetime','easyui-datebox',1,1,1,1,0,1,'',13,1,0,'2017-01-25 18:54:32',NULL),(10170,22,'serverResultCode','服务器返回充电结果',120,'varchar','easyui-textbox',0,0,0,0,0,1,'',9,1,0,'2017-01-25 18:54:32',NULL),(10171,22,'serverResultDesc',' 服务器充电结果描述',120,'varchar','easyui-textbox',0,0,0,0,0,1,'',10,1,0,'2017-01-25 18:54:32',NULL),(10172,22,'status','终端充电状态',120,'char','easyui-textbox',1,1,1,1,1,1,'',11,1,0,'2017-01-25 18:54:32',NULL),(10173,22,'chargeTime','分钟',120,'varchar','easyui-textbox',1,1,1,1,0,1,'',12,1,0,'2017-01-25 18:54:32',NULL),(10169,22,'operType','充电方式(手动:M,微信W)',120,'char','easyui-textbox',1,1,1,1,0,1,'',8,1,0,'2017-01-25 18:54:32',NULL),(10168,22,'endTime','结束充电时间',120,'datetime','easyui-datebox',1,1,1,1,0,1,'',7,1,0,'2017-01-25 18:54:32',NULL),(10167,22,'startTime','开始充电时间',120,'datetime','easyui-datebox',1,1,1,1,0,0,'',6,1,0,'2017-01-25 18:54:32',NULL),(10166,22,'operStartTime','操作时间',120,'datetime','easyui-datebox',1,1,1,1,0,0,'',5,1,0,'2017-01-25 18:54:32',NULL),(10165,22,'devicePort','设备通道',120,'varchar','easyui-textbox',1,1,1,1,0,0,'',4,1,0,'2017-01-25 18:54:32',NULL),(10164,22,'deviceId','设备编号',120,'varchar','easyui-textbox',1,1,1,1,1,0,'',3,1,0,'2017-01-25 18:54:32',NULL),(10163,22,'openId','微信用户号',120,'varchar','easyui-textbox',0,0,0,0,0,0,'',2,1,0,'2017-01-25 18:54:32',NULL),(10162,22,'id','id',120,'int','easyui-numberspinner',1,1,1,1,0,0,'',1,1,0,'2017-01-25 18:54:32',NULL),(10180,23,'uid','绑定用户ID',120,'int','easyui-numberspinner',1,1,1,1,0,1,'',6,1,0,'2017-01-25 19:17:41',NULL),(10179,23,'state','状态',120,'varchar','easyui-textbox',1,1,1,1,0,1,'',5,1,0,'2017-01-25 19:17:41',NULL),(10178,23,'updatetime','更新时间',120,'datetime','easyui-datebox',1,1,1,1,0,1,'',4,1,0,'2017-01-25 19:17:41',NULL),(10175,23,'id','id',120,'int','easyui-numberspinner',1,1,1,1,0,0,'',1,1,0,'2017-01-25 19:17:41',NULL),(10181,23,'uname','用户昵称',120,'varchar','easyui-textbox',1,1,1,1,1,1,'',7,1,0,'2017-01-25 19:17:41',NULL),(10187,24,'chargeType','充值类型(CH 物理充电卡,WA虚拟充电卡)',120,'char','easyui-textbox',1,1,1,1,0,1,'',6,1,0,'2017-01-25 19:48:32',NULL),(10203,26,'money','消费金额',120,'varchar','easyui-textbox',1,1,1,1,0,1,'',9,1,0,'2017-04-04 13:38:02',NULL),(10201,26,'cardcs','卡次数',120,'varchar','easyui-textbox',1,1,1,1,0,1,'',7,1,0,'2017-04-04 13:38:02',NULL),(10199,26,'phone','手机号',120,'varchar','easyui-textbox',1,1,1,1,1,1,'',5,1,0,'2017-04-04 13:38:02',NULL),(10200,26,'cardnum','卡号',120,'varchar','easyui-textbox',1,1,1,1,1,1,'',6,1,0,'2017-04-04 13:38:02',NULL),(10198,26,'name','用户名称',120,'varchar','easyui-textbox',1,1,1,1,1,1,'',4,1,0,'2017-04-04 13:38:02',NULL),(10197,26,'uid','用户编号',120,'int','easyui-numberspinner',0,0,1,0,0,1,'',3,1,0,'2017-04-04 13:38:02',NULL),(10196,26,'gid','业物管理编号',120,'int','easyui-numberspinner',0,0,1,0,0,1,'',2,1,0,'2017-04-04 13:38:02',NULL),(10195,26,'id','id',120,'int','easyui-numberspinner',1,1,1,1,0,0,'',1,1,0,'2017-04-04 13:38:02',NULL),(10238,29,'value','秘钥数值',120,'varchar','easyui-textbox',1,1,1,1,1,1,'',4,1,0,'2017-04-06 22:23:05',NULL),(10237,29,'key','秘钥名称',120,'varchar','easyui-textbox',1,1,1,1,1,1,'',3,1,0,'2017-04-06 22:23:05',NULL),(10236,29,'gid','gid',120,'int','easyui-numberspinner',0,0,0,0,0,1,'',2,1,0,'2017-04-06 22:23:05',NULL),(10235,29,'id','id',120,'int','easyui-numberspinner',1,1,1,1,0,0,'',1,1,0,'2017-04-06 22:23:05',NULL),(10239,29,'remark','备注',120,'varchar','easyui-textbox',1,1,1,1,1,1,'',5,1,0,'2017-04-06 22:23:05',NULL),(10269,31,'cardCode','充电卡号',120,'varchar','easyui-textbox',1,1,1,1,1,1,'',4,1,0,'2017-04-06 23:04:13',NULL),(10263,30,'walletNumber','walletNumber',120,'varchar','easyui-textbox',0,0,0,0,0,1,'',24,1,0,'2017-04-06 22:42:43',NULL),(10264,30,'walletAccount','钱包',120,'int','easyui-numberspinner',1,1,1,1,0,1,'',25,1,0,'2017-04-06 22:42:43',NULL),(10333,37,'coupon_count','代金券或立减优惠使用数量',120,'int','easyui-numberspinner',1,1,1,1,0,1,NULL,18,1,0,'2017-04-06 23:25:54',NULL),(10334,37,'attach','商家数据包',120,'varchar','easyui-textbox',1,1,1,1,0,1,NULL,19,1,0,'2017-04-06 23:25:54',NULL),(10315,36,'time','支付日期',120,'varchar','easyui-textbox',1,1,1,1,1,1,'',9,2,0,'2017-04-06 23:23:03',NULL),(10307,36,'id','id',120,'int','easyui-numberspinner',1,1,1,1,0,0,'',1,1,0,'2017-04-06 23:23:03',NULL),(10308,36,'actNum','actNum',120,'varchar','easyui-textbox',1,1,1,1,0,0,'',2,1,0,'2017-04-06 23:23:03',NULL),(10309,36,'type','类型(CH:充电)',120,'varchar','easyui-textbox',1,1,1,1,0,0,'',3,1,0,'2017-04-06 23:23:03',NULL),(10310,36,'money','充值金额',120,'double','easyui-textbox',1,1,1,1,0,0,'',4,1,0,'2017-04-06 23:23:03',NULL),(10265,30,'updateTime','updateTime',120,'datetime','easyui-datebox',0,0,0,0,0,1,'',26,1,0,'2017-04-06 22:42:43',NULL),(10270,31,'balance','剩余金额',120,'varchar','easyui-textbox',1,1,1,1,0,1,'',5,1,0,'2017-04-06 23:04:13',NULL),(10259,30,'phyCardNumber','物理卡号',120,'varchar','easyui-textbox',0,0,0,0,0,1,'',20,1,0,'2017-04-06 22:42:43',NULL),(10260,30,'cardAccount','cardAccount',120,'int','easyui-numberspinner',0,0,0,0,0,1,'',21,1,0,'2017-04-06 22:42:43',NULL),(10261,30,'band','是否绑定手机(Y:绑定 N:未绑定)',120,'char','easyui-textbox',1,1,1,1,0,1,NULL,22,1,0,'2017-04-06 22:42:43',NULL),(10256,30,'lastLoginDate','最后登录时间',120,'datetime','easyui-datebox',1,1,1,1,0,1,NULL,17,1,0,'2017-04-06 22:42:42',NULL),(10262,30,'status','用户状态(Y有效 N:无效或无此用户)',120,'char','easyui-textbox',0,0,0,0,0,1,'',23,1,0,'2017-04-06 22:42:43',NULL),(10258,30,'cardNumber','卡号',120,'varchar','easyui-textbox',1,1,1,1,0,1,NULL,19,1,0,'2017-04-06 22:42:42',NULL),(10257,30,'level','等级',120,'int','easyui-numberspinner',0,0,0,0,0,1,'',18,1,0,'2017-04-06 22:42:42',NULL),(10255,30,'registerDate','注册时间',120,'datetime','easyui-datebox',1,1,1,1,0,0,NULL,16,1,0,'2017-04-06 22:42:42',NULL),(10254,30,'remember','是否记住密码',120,'char','easyui-textbox',0,0,0,0,0,1,'',15,1,0,'2017-04-06 22:42:42',NULL),(10253,30,'password2','明文密码',120,'varchar','easyui-textbox',0,0,0,0,0,1,'',14,1,0,'2017-04-06 22:42:42',NULL),(10252,30,'password','MD5密码',120,'varchar','easyui-textbox',0,0,0,0,0,1,'',13,1,0,'2017-04-06 22:42:42',NULL),(10251,30,'tel','手机号码',120,'varchar','easyui-textbox',1,1,1,1,0,1,'',12,1,0,'2017-04-06 22:42:42',NULL),(10250,30,'email','邮箱',120,'varchar','easyui-textbox',0,0,0,0,0,1,'',11,1,0,'2017-04-06 22:42:42',NULL),(10248,30,'country','country',120,'varchar','easyui-textbox',0,0,0,0,0,1,'',9,1,0,'2017-04-06 22:42:42',NULL),(10249,30,'province','省会',120,'varchar','easyui-textbox',1,1,1,1,0,1,'',10,1,0,'2017-04-06 22:42:42',NULL),(10247,30,'city','城市',120,'varchar','easyui-textbox',1,1,1,1,0,1,'',8,1,0,'2017-04-06 22:42:42',NULL),(10246,30,'privilege','privilege',120,'varchar','easyui-textbox',0,0,0,0,0,1,'',7,1,0,'2017-04-06 22:42:42',NULL),(10242,30,'nickName','昵称',120,'varchar','easyui-textbox',1,1,1,1,0,0,NULL,3,1,0,'2017-04-06 22:42:42',NULL),(10243,30,'headimgurl','头像',120,'varchar','easyui-textbox',1,1,1,1,0,1,'',4,1,0,'2017-04-06 22:42:42',NULL),(10244,30,'sex','性别',120,'int','easyui-numberspinner',0,0,0,0,0,1,'',5,1,0,'2017-04-06 22:42:42',NULL),(10245,30,'unionid','unionid',120,'varchar','easyui-textbox',0,0,0,0,0,1,'',6,1,0,'2017-04-06 22:42:42',NULL),(10241,30,'openId','微信用户的唯一识别',120,'varchar','easyui-textbox',1,1,1,1,0,0,'',2,1,0,'2017-04-06 22:42:42',NULL),(10240,30,'id','id',120,'int','easyui-numberspinner',1,1,1,1,0,0,'',1,1,0,'2017-04-06 22:42:42',NULL),(10268,31,'phyicalId','物理编号',120,'varchar','easyui-textbox',1,1,1,1,0,1,'',3,1,0,'2017-04-06 23:04:13',NULL),(10267,31,'deviceId','设备编号',120,'varchar','easyui-textbox',1,1,1,1,0,1,'',2,1,0,'2017-04-06 23:04:13',NULL),(10266,31,'id','id',120,'int','easyui-numberspinner',1,1,1,1,0,0,'',1,1,0,'2017-04-06 23:04:13',NULL),(10271,31,'joinDate','刷卡时间',120,'datetime','easyui-datebox',1,1,1,1,1,1,'',6,2,0,'2017-04-06 23:04:13',NULL),(10278,32,'jointime','记录时间',140,'datetime','easyui-datebox',1,1,1,1,1,1,'',7,2,0,'2017-04-06 23:08:13',NULL),(10343,38,'jointime','操作时间',120,'datetime','easyui-datebox',1,1,1,1,1,1,'',5,2,0,'2017-04-22 18:37:26',NULL),(10272,32,'id','id',120,'int','easyui-numberspinner',1,1,1,1,0,0,'',1,1,0,'2017-04-06 23:08:13',NULL),(10273,32,'type','类型',120,'varchar','easyui-textbox',1,1,1,1,0,1,'',2,1,0,'2017-04-06 23:08:13',NULL),(10274,32,'openid','用户编号',120,'varchar','easyui-textbox',1,1,1,1,1,1,'',3,1,0,'2017-04-06 23:08:13',NULL),(10277,32,'content','日志内容',350,'varchar','easyui-textbox',1,1,1,1,1,1,'',6,1,0,'2017-04-06 23:08:13',NULL),(10276,32,'ip','IP地址',120,'varchar','easyui-textbox',1,1,1,1,1,1,'',5,1,0,'2017-04-06 23:08:13',NULL),(10275,32,'deviceid','设备编号',120,'varchar','easyui-textbox',1,1,1,1,1,1,'',4,1,0,'2017-04-06 23:08:13',NULL),(10285,33,'jointime','记录时间',120,'datetime','easyui-datebox',1,1,1,1,1,1,'',7,2,0,'2017-04-06 23:11:55',NULL),(10284,33,'content','返回内容',120,'varchar','easyui-textbox',1,1,1,1,1,1,'',6,1,0,'2017-04-06 23:11:55',NULL),(10283,33,'status','状态',120,'varchar','easyui-textbox',1,1,1,1,0,1,'',5,1,0,'2017-04-06 23:11:55',NULL),(10282,33,'channelnum','通道编号',120,'varchar','easyui-textbox',1,1,1,1,0,1,'',4,1,0,'2017-04-06 23:11:55',NULL),(10281,33,'openid','用户编号',120,'varchar','easyui-textbox',1,1,1,1,1,1,'',3,1,0,'2017-04-06 23:11:55',NULL),(10280,33,'deviceid','设备编号',120,'varchar','easyui-textbox',1,1,1,1,1,1,'',2,1,0,'2017-04-06 23:11:55',NULL),(10279,33,'id','id',120,'int','easyui-numberspinner',1,1,1,1,0,0,'',1,1,0,'2017-04-06 23:11:54',NULL),(10291,34,'chargeType','充值类型(CH 物理充电卡,WA虚拟充电卡)',120,'char','easyui-textbox',1,1,1,1,0,1,'',6,1,0,'2017-04-06 23:15:35',NULL),(10290,34,'createTime','充值时间',120,'datetime','easyui-datebox',1,1,1,1,1,0,'',5,1,0,'2017-04-06 23:15:35',NULL),(10289,34,'amount','剩余金额(分)',120,'int','easyui-numberspinner',1,1,1,1,0,0,'',4,1,0,'2017-04-06 23:15:35',NULL),(10288,34,'money','充值金额(分)',120,'int','easyui-numberspinner',1,1,1,1,0,0,'',3,1,0,'2017-04-06 23:15:35',NULL),(10286,34,'id','id',120,'int','easyui-numberspinner',1,1,1,1,0,0,'',1,1,0,'2017-04-06 23:15:35',NULL),(10287,34,'openId','用户编号',120,'varchar','easyui-textbox',1,1,1,1,0,0,'',2,1,0,'2017-04-06 23:15:35',NULL),(10306,35,'MD5','防止重复提交,时间+设备号+端口=MD5',120,'varchar','easyui-textbox',0,0,0,0,0,1,'',15,1,0,'2017-04-06 23:17:17',NULL),(10305,35,'createDate','操作时间',120,'datetime','easyui-datebox',1,1,1,1,1,1,'',14,1,0,'2017-04-06 23:17:17',NULL),(10304,35,'chargeTime','充电时间(分钟)',120,'varchar','easyui-textbox',1,1,1,1,0,1,'',13,1,0,'2017-04-06 23:17:17',NULL),(10302,35,'status','终端充电状态',120,'char','easyui-textbox',1,1,1,1,0,1,'',11,1,0,'2017-04-06 23:17:17',NULL),(10303,35,'charge','消费金额',120,'varchar','easyui-textbox',1,1,1,1,0,1,'',12,1,0,'2017-04-06 23:17:17',NULL),(10301,35,'serverResultDesc',' 服务器充电结果描述',120,'varchar','easyui-textbox',1,1,1,1,0,1,'',10,1,0,'2017-04-06 23:17:17',NULL),(10300,35,'serverResultCode','服务器返回充电结果',120,'varchar','easyui-textbox',1,1,1,1,0,1,'',9,1,0,'2017-04-06 23:17:17',NULL),(10299,35,'operType','充电方式(手动:M,微信W)',120,'char','easyui-textbox',1,1,1,1,0,1,'',8,1,0,'2017-04-06 23:17:17',NULL),(10297,35,'startTime','开始充电时间',120,'datetime','easyui-datebox',1,1,1,1,0,1,'',6,1,0,'2017-04-06 23:17:17',NULL),(10298,35,'endTime','结束时间',120,'datetime','easyui-datebox',1,1,1,1,0,1,'',7,1,0,'2017-04-06 23:17:17',NULL),(10295,35,'devicePort','设备端口号',120,'varchar','easyui-textbox',1,1,1,1,0,0,'',4,1,0,'2017-04-06 23:17:17',NULL),(10296,35,'operStartTime','操作开始时间',120,'datetime','easyui-datebox',1,1,1,1,0,0,'',5,1,0,'2017-04-06 23:17:17',NULL),(10294,35,'deviceId','设备编号',120,'varchar','easyui-textbox',1,1,1,1,1,0,'',3,1,0,'2017-04-06 23:17:17',NULL),(10293,35,'openId','用户编号',120,'varchar','easyui-textbox',1,1,1,1,0,0,'',2,1,0,'2017-04-06 23:17:17',NULL),(10292,35,'id','id',120,'int','easyui-numberspinner',1,1,1,1,0,0,'',1,1,0,'2017-04-06 23:17:16',NULL),(10314,36,'remark','备注',120,'varchar','easyui-textbox',1,1,1,1,0,1,'',8,1,0,'2017-04-06 23:23:03',NULL),(10313,36,'status','状态(有效:Y 无效N)',120,'char','easyui-textbox',1,1,1,1,0,0,'',7,1,0,'2017-04-06 23:23:03',NULL),(10312,36,'coupon','送优惠次数',120,'int','easyui-numberspinner',1,1,1,1,0,1,'',6,1,0,'2017-04-06 23:23:03',NULL),(10311,36,'chargeNum','充电次数',120,'int','easyui-numberspinner',1,1,1,1,0,1,'',5,1,0,'2017-04-06 23:23:03',NULL),(10227,28,'createTime','设备加入时间',120,'datetime','easyui-datebox',1,1,1,1,1,1,'',16,2,0,'2017-04-04 18:25:56',NULL),(10222,28,'eight_hours_mem_price','员会8小时价格',120,'int','easyui-numberspinner',1,1,1,1,0,1,'',11,1,0,'2017-04-04 18:25:56',NULL),(10209,27,'cardnum','用户卡号',120,'varchar','easyui-textbox',1,1,1,1,1,1,'',4,1,0,'2017-04-04 16:26:15',NULL),(10331,37,'coupon_id','代金券或立减优惠ID',120,'varchar','easyui-textbox',1,1,1,1,0,1,NULL,16,1,0,'2017-04-06 23:25:54',NULL),(10332,37,'coupon_fee','单个代金券或立减优惠支付金额',120,'int','easyui-numberspinner',1,1,1,1,0,1,NULL,17,1,0,'2017-04-06 23:25:54',NULL),(10324,37,'result_code','业务结果',120,'varchar','easyui-textbox',1,1,1,1,0,0,NULL,9,1,0,'2017-04-06 23:25:54',NULL),(10330,37,'transaction_id','微信支付订单号',120,'varchar','easyui-textbox',1,1,1,1,0,0,NULL,15,1,0,'2017-04-06 23:25:54',NULL),(10329,37,'bank_type','付款银行',120,'varchar','easyui-textbox',1,1,1,1,0,0,NULL,14,1,0,'2017-04-06 23:25:54',NULL),(10328,37,'trade_type','交易类型',120,'varchar','easyui-textbox',1,1,1,1,0,0,NULL,13,1,0,'2017-04-06 23:25:54',NULL),(10327,37,'is_subscribe','is_subscribe',120,'varchar','easyui-textbox',1,1,1,1,0,1,NULL,12,1,0,'2017-04-06 23:25:54',NULL),(10326,37,'err_code_des','err_code_des',120,'varchar','easyui-textbox',1,1,1,1,0,1,NULL,11,1,0,'2017-04-06 23:25:54',NULL),(10325,37,'err_code','错误代码',120,'varchar','easyui-textbox',1,1,1,1,0,1,NULL,10,1,0,'2017-04-06 23:25:54',NULL),(10323,37,'fee_type','货币种类',120,'varchar','easyui-textbox',1,1,1,1,0,1,NULL,8,1,0,'2017-04-06 23:25:54',NULL),(10322,37,'total_fee','总金额',120,'int','easyui-numberspinner',1,1,1,1,0,0,NULL,7,1,0,'2017-04-06 23:25:54',NULL),(10321,37,'cash_fee','cash_fee',120,'int','easyui-numberspinner',1,1,1,1,0,0,NULL,6,1,0,'2017-04-06 23:25:54',NULL),(10320,37,'mch_id','mch_id',120,'varchar','easyui-textbox',1,1,1,1,0,0,NULL,5,1,0,'2017-04-06 23:25:54',NULL),(10319,37,'openId','用户标识',120,'varchar','easyui-textbox',1,1,1,1,0,0,NULL,4,1,0,'2017-04-06 23:25:54',NULL),(10318,37,'out_trade_no','out_trade_no',120,'varchar','easyui-textbox',1,1,1,1,0,0,NULL,3,1,0,'2017-04-06 23:25:54',NULL),(10317,37,'appid','appid',120,'varchar','easyui-textbox',1,1,1,1,0,0,'',2,1,0,'2017-04-06 23:25:54',NULL),(10316,37,'id','主键ID',120,'int','easyui-numberspinner',1,1,1,1,0,0,NULL,1,1,0,'2017-04-06 23:25:54',NULL),(10335,37,'time_end','支付完成时间',120,'varchar','easyui-textbox',1,1,1,1,1,0,'',20,2,0,'2017-04-06 23:25:54',NULL),(10336,37,'couresCount','购买的课时数',120,'int','easyui-numberspinner',1,1,1,1,0,0,NULL,21,1,0,'2017-04-06 23:25:54',NULL),(10337,37,'couresId','购买的课程编号',120,'int','easyui-numberspinner',1,1,1,1,0,0,NULL,22,1,0,'2017-04-06 23:25:54',NULL),(10338,37,'url','视频播放地址',120,'varchar','easyui-textbox',1,1,1,1,0,0,NULL,23,1,0,'2017-04-06 23:25:54',NULL),(10341,38,'deviceid','设备编号',120,'varchar','easyui-textbox',1,1,1,1,1,1,'',3,1,0,'2017-04-22 18:37:26',NULL),(10342,38,'content','日志内容',280,'varchar','easyui-textbox',1,1,1,1,1,1,'',4,1,0,'2017-04-22 18:37:26',NULL),(10339,38,'id','id',120,'int','easyui-numberspinner',1,1,1,1,0,0,'',1,1,0,'2017-04-22 18:37:26',NULL),(10340,38,'type','类别',120,'int','easyui-numberspinner',1,1,1,1,1,1,'',2,1,0,'2017-04-22 18:37:26',NULL),(60,12,'create_time','创建时间',120,'timestamp','easyui-textbox',1,1,0,0,1,1,'',5,2,0,'2016-01-07 21:31:45',NULL),(10349,39,'remark','设备位置',120,'varchar','easyui-textbox',1,1,0,0,0,1,'',6,1,0,'2017-08-31 21:46:24',NULL),(10348,39,'reson','事件原因',120,'varchar','easyui-textbox',1,1,0,0,1,1,'',5,1,0,'2017-08-31 21:46:24',NULL),(10346,39,'ercode','设备编号',120,'varchar','easyui-textbox',1,1,0,0,1,1,'',3,1,0,'2017-08-31 21:46:24',NULL),(10347,39,'updatedate','掉线时间',120,'datetime','easyui-datebox',1,1,0,0,1,1,'',4,1,0,'2017-08-31 21:46:24',NULL),(10345,39,'deviceid','联网模块',120,'varchar','easyui-textbox',1,1,0,0,1,1,'',2,1,0,'2017-08-31 21:46:24',NULL),(10344,39,'id','id',120,'int','easyui-numberspinner',1,1,0,0,0,0,'',1,1,0,'2017-08-31 21:46:24',NULL),(10353,40,'status','状态',120,'char','easyui-textbox',1,1,0,0,1,1,'',4,1,0,'2017-08-31 21:48:57',NULL),(10352,40,'port','端口',120,'char','easyui-textbox',1,1,0,0,0,1,'',3,1,0,'2017-08-31 21:48:57',NULL),(10351,40,'deviceid','设备编号',120,'varchar','easyui-textbox',1,1,0,0,1,1,'',2,1,0,'2017-08-31 21:48:57',NULL),(10350,40,'id','id',120,'int','easyui-numberspinner',1,1,0,0,0,0,'',1,1,0,'2017-08-31 21:48:57',NULL),(10354,40,'updatedate','更新日期',120,'datetime','easyui-datebox',1,1,0,0,1,1,'',5,2,0,'2017-08-31 21:48:57',NULL),(10355,41,'id','id',120,'int unsigned','easyui-textbox',1,1,1,1,0,0,NULL,1,1,0,'2017-11-03 10:45:44',NULL),(10356,41,'user_name','用户名',120,'varchar','easyui-textbox',1,1,1,1,0,1,NULL,2,1,0,'2017-11-03 10:45:44',NULL),(10357,41,'password','密码',120,'varchar','easyui-textbox',1,1,1,1,0,1,NULL,3,1,0,'2017-11-03 10:45:44',NULL),(10358,41,'roles','角色',120,'varchar','easyui-textbox',1,1,1,1,0,1,NULL,4,1,0,'2017-11-03 10:45:44',NULL),(10359,41,'create_time','创建时间',120,'timestamp','easyui-datebox',1,1,1,1,0,1,NULL,5,1,0,'2017-11-03 10:45:44',NULL),(10360,41,'openid','openid',120,'varchar','easyui-textbox',1,1,1,1,0,1,NULL,6,1,0,'2017-11-03 10:45:44',NULL);

/*Table structure for table `zcurd_head` */

DROP TABLE IF EXISTS `zcurd_head`;

CREATE TABLE `zcurd_head` (
  `id` int(11) unsigned NOT NULL AUTO_INCREMENT,
  `table_name` varchar(100) DEFAULT NULL COMMENT '数据库表名',
  `form_name` varchar(100) DEFAULT NULL COMMENT '表单名称',
  `id_field` varchar(50) DEFAULT 'id' COMMENT '主键字段',
  `is_auto` int(11) DEFAULT '1' COMMENT '是否自增',
  `form_type` int(11) DEFAULT '1' COMMENT '表单类型（1:单表,2:主从）',
  `dialog_size` varchar(50) NOT NULL DEFAULT '600x400' COMMENT '弹窗大小',
  `db_source` varchar(50) DEFAULT NULL COMMENT '数据源',
  `create_time` timestamp NOT NULL DEFAULT CURRENT_TIMESTAMP COMMENT '创建时间',
  `handle_class` varchar(100) DEFAULT NULL COMMENT '处理类',
  PRIMARY KEY (`id`) USING BTREE
) ENGINE=MyISAM AUTO_INCREMENT=42 DEFAULT CHARSET=utf8 ROW_FORMAT=DYNAMIC COMMENT='在线表单';

/*Data for the table `zcurd_head` */

insert  into `zcurd_head`(`id`,`table_name`,`form_name`,`id_field`,`is_auto`,`form_type`,`dialog_size`,`db_source`,`create_time`,`handle_class`) values (1,'zcurd_head_btn','表单扩展按钮','id',1,1,'600x400','zcurd_base','2016-01-11 21:58:48',NULL),(2,'zcurd_head_js','表单扩展js','id',1,1,'600x400','zcurd_base','2016-01-12 15:35:01',NULL),(5,'sys_menu_btn','菜单按钮（权限编辑）','id',1,1,'400x300','zcurd_base','2016-02-14 16:35:56',NULL),(6,'sys_menu_datarule','菜单数据（权限编辑）','id',1,1,'400x300','zcurd_base','2016-02-25 23:55:58',NULL),(7,'sys_dict','数据字典','id',1,1,'400x300','zcurd_base','2016-03-01 04:39:14',NULL),(8,'sys_role','角色管理','id',1,1,'600x400','zcurd_base','2016-02-12 01:58:39',NULL),(12,'sys_user','用户管理','id',1,1,'400x300','zcurd_base','2016-01-07 21:31:45',NULL),(27,'lostcard','挂失记录','id',1,1,'600x400','zcurd_busi','2017-04-04 16:26:15',NULL),(28,'qr_match_device','设备记录','id',1,1,'600x400','zcurd_busi','2017-04-04 18:25:56',NULL),(22,'charge_battery_info','充电桩充值记录','id',1,1,'600x400','zcurd_busi','2017-01-25 18:54:32',NULL),(23,'card','用户IC卡表','id',1,1,'600x400','zcurd_busi','2017-01-25 19:17:41',NULL),(24,'charge_money_info','充值金额管理','id',1,1,'600x400','zcurd_busi','2017-01-25 19:48:32',NULL),(25,'customer','物业用户卡信息','id',1,1,'600x400','zcurd_busi','2017-03-31 00:07:01',NULL),(26,'charge','物业端充电纪录表','id',1,1,'600x400','zcurd_busi','2017-04-04 13:38:02',NULL),(29,'config','秘钥配置','id',1,1,'600x400','zcurd_busi','2017-04-06 22:23:05',NULL),(30,'tuser','在线用户','id',1,1,'600x400','zcurd_busi','2017-04-06 22:42:42',NULL),(31,'cardlog','刷卡记录','id',1,1,'600x400','zcurd_busi','2017-04-06 23:04:13',NULL),(32,'devicelog','网络日志','id',1,1,'600x400','zcurd_busi','2017-04-06 23:08:13',NULL),(33,'chargestatus','充电状态','id',1,1,'600x400','zcurd_busi','2017-04-06 23:11:54',NULL),(34,'charge_money_info','微信充值','id',1,1,'600x400','zcurd_busi','2017-04-06 23:15:35',NULL),(35,'charge_battery_info','消费记录','id',1,1,'600x400','zcurd_busi','2017-04-06 23:17:16',NULL),(36,'money_match_activity','优惠设置','id',1,1,'600x400','zcurd_busi','2017-04-06 23:23:03',NULL),(37,'orders','支付之日','id',1,1,'600x400','zcurd_busi','2017-04-06 23:25:54',NULL),(38,'devicemsg','功率日志','id',1,1,'600x400','zcurd_busi','2017-04-22 18:37:26',NULL),(39,'droppedlog','掉线日志','id',1,1,'600x400','zcurd_busi','2017-08-31 21:46:24',NULL),(40,'deviceport','端口状态','id',1,1,'600x400','zcurd_busi','2017-08-31 21:48:57',NULL),(41,'sys_user','用户管理','id',1,1,'600x400','zcurd_base','2017-11-03 10:45:44',NULL);

/*Table structure for table `zcurd_head_btn` */

DROP TABLE IF EXISTS `zcurd_head_btn`;

CREATE TABLE `zcurd_head_btn` (
  `id` int(11) NOT NULL AUTO_INCREMENT COMMENT 'id',
  `head_id` int(11) DEFAULT NULL COMMENT '所属表单',
  `btn_name` varchar(50) DEFAULT NULL COMMENT '按钮名称',
  `location` int(11) DEFAULT '1' COMMENT '按钮位置（1：顶部，2：行内）',
  `action` int(11) DEFAULT '1' COMMENT '行为（0：无，1：打开子页面）',
  `func_content` text COMMENT '方法内容',
  `create_time` timestamp NOT NULL DEFAULT CURRENT_TIMESTAMP COMMENT '创建时间',
  `btn_icon` varchar(50) DEFAULT NULL COMMENT '按钮图标',
  PRIMARY KEY (`id`) USING BTREE
) ENGINE=MyISAM AUTO_INCREMENT=6 DEFAULT CHARSET=utf8 ROW_FORMAT=DYNAMIC COMMENT='表单按钮';

/*Data for the table `zcurd_head_btn` */

insert  into `zcurd_head_btn`(`id`,`head_id`,`btn_name`,`location`,`action`,`func_content`,`create_time`,`btn_icon`) values (1,8,'权限设置',2,1,'function(index) {\r\n var row = datagrid.datagrid(\"getRows\")[index];\r\n  //var url = basePath + \"/zcurd/135/listPage?riskgradeid=\" + row.id;\r\n var url = basePath + \"/role/editAuthPage?roleId=\" + row.id;\r\n _openSubPage(url);\r\n}','2016-02-12 21:23:10',NULL),(2,134,'管理',2,1,'function(index) {\n var row = datagrid.datagrid(\"getRows\")[index];\n  var url = basePath + \"/zcurd/135/listPage?riskgradeid=\" + row.id;\n _openSubPage(url);\n}','2016-01-12 13:28:50',NULL),(3,133,'测试',2,0,'function aaa(){}','2016-01-13 09:30:35',NULL),(5,23,'aaa',2,1,'function(index) {\n var row = datagrid.datagrid(\"getRows\")[index];\n  //var url = basePath + \"/zcurd/135/listPage?riskgradeid=\" + row.id;\n var url = basePath + \"/role/editAuthPage?roleId=\" + row.id;\n _openSubPage(url);\n}','2017-01-25 20:28:47',NULL);

/*Table structure for table `zcurd_head_js` */

DROP TABLE IF EXISTS `zcurd_head_js`;

CREATE TABLE `zcurd_head_js` (
  `id` int(11) NOT NULL AUTO_INCREMENT COMMENT 'id',
  `head_id` int(11) DEFAULT NULL COMMENT '所属表单',
  `page` varchar(50) DEFAULT NULL COMMENT '页面',
  `js_content` text COMMENT 'js内容',
  `create_time` timestamp NOT NULL DEFAULT CURRENT_TIMESTAMP COMMENT '创建时间',
  `sql_content` varchar(2000) DEFAULT NULL COMMENT '扩展sql',
  PRIMARY KEY (`id`) USING BTREE
) ENGINE=MyISAM AUTO_INCREMENT=12 DEFAULT CHARSET=utf8 ROW_FORMAT=DYNAMIC COMMENT='表单扩展js';

/*Data for the table `zcurd_head_js` */

insert  into `zcurd_head_js`(`id`,`head_id`,`page`,`js_content`,`create_time`,`sql_content`) values (1,134,'list','var operateWidth = 80;\r\nvar subPageWidth = \"50%\";\r\nvar subPageTitle = \"等级详情\";\r\ndgOptions.singleSelect=true;','2016-01-12 16:25:45',NULL),(2,5,'list','$(\"#searchBtnWrap\").hide();\n$(\".wrap_search\").hide();\ndgOptions.pageSize=1000;\ndgOptions.pagination=false;\n\nwindow.parent.getDgSelections = function() {\n    return datagrid.datagrid(\"getSelections\");\n}\n\ndgOptions.onLoadSuccess = selectAuthRow;\nfunction selectAuthRow() {\n  	var btnIds = window.parent.getCurrMenuBtns();\n 	var rows = datagrid.datagrid(\"getData\").rows;\n 	if(btnIds && rows.length > 0) {\n   		$.each(rows, function(i, item) {\n      		$.each(btnIds, function(j, btnId) {\n	       		if(item.id == btnId) {\n	          		datagrid.datagrid(\"selectRow\", j);\n	        	}\n     		});\n   		});\n 	}\n\n 	//如果无数据，则显示一键生成\n	if(rows.length == 0) {\n		genAuthBtnBatch();\n	}\n}\n\n//显示一键生成\nfunction genAuthBtnBatch() {\n	$(\"<button id=\'genAuthBtnBatchBtn\' style=\'position: fixed; top: 120px; left: 50%; margin-left: -30px; padding: 2px;\'>一键生成<button>\")\n	.linkbutton().click(function() {\n		$.post(\"../../role/genAuthBtnBatch\", {menuId: $(\"#menu_id\").val()}, function() {\n			$(\"#genAuthBtnBatchBtn\").remove();\n			showMsg(\"生成成功！\");\n			datagrid.datagrid(\"reload\");\n		});\n	}).appendTo(\"body\");\n}','2016-02-15 11:13:14',NULL),(3,8,'list','var operateWidth = 80;\nvar subPageWidth = \"55%\";\nvar subPageTitle = \"权限设置\";\ndgOptions.singleSelect=true;','2016-02-16 16:32:31',NULL),(4,131,'update','$(function() {\n  changeComboboxToMult(\"roles\");\n});','2016-02-23 23:09:57',NULL),(5,12,'add','$(function() {\n changeComboboxToMult(\"roles\");\n});','2016-02-23 23:10:03',NULL),(6,152,'list','$(\"#searchBtnWrap\").hide();\n$(\".wrap_search\").hide();\ndgOptions.pageSize=1000;\ndgOptions.pagination=false;\n\nwindow.parent.getDgSelections2 = function() {\n    return datagrid.datagrid(\"getSelections\");\n}\n\ndgOptions.onLoadSuccess = selectAuthRow;\nfunction selectAuthRow() {\n var dataruleIds = window.parent.getCurrMenuDatarules();\n var rows = datagrid.datagrid(\"getData\").rows;\n if(dataruleIds && rows.length > 0) {\n    $.each(rows, function(i, item) {\n      $.each(dataruleIds, function(j, dataruleId) {\n       if(item.id == dataruleId) {\n         datagrid.datagrid(\"selectRow\", j);\n        }\n     });\n   });\n }\n}','2016-02-15 11:13:14',NULL),(7,6,'list','$(\"#searchBtnWrap\").hide();\n$(\".wrap_search\").hide();\ndgOptions.pageSize=1000;\ndgOptions.pagination=false;\n\nwindow.parent.getDgSelections2 = function() {\n    return datagrid.datagrid(\"getSelections\");\n}\n\ndgOptions.onLoadSuccess = selectAuthRow;\nfunction selectAuthRow() {\n	var dataruleIds = window.parent.getCurrMenuDatarules();\n	var rows = datagrid.datagrid(\"getData\").rows;\n	if(dataruleIds && rows.length > 0) {\n		$.each(rows, function(i, item) {\n			$.each(dataruleIds, function(j, dataruleId) {\n				if(item.id == dataruleId) {\n					datagrid.datagrid(\"selectRow\", j);\n				}\n			});\n		});\n	}\n}','2016-09-27 00:17:56',NULL),(8,12,'update','$(function() {\n changeComboboxToMult(\"roles\");\n});','2016-09-27 00:40:00',NULL),(9,6,'update','//支持变量\n$(function() {\n    $(\"#value\").textbox({iconCls:\'icon-bianliang\'});\n    $(\".icon-bianliang\").tooltip({\n        content: \"<span style=\'color:#fff\'>支持变量 如：<br/>${user.id}</span>\", \n            onShow: function(){\n                $(this).tooltip(\'tip\').css({\n                    backgroundColor: \'#666\',\n                    borderColor: \'#666\'\n                });\n            }\n        });\n});','2016-11-01 19:28:10',NULL),(10,19,'add','//支持变量\n$(function() {\n    $(\"#value\").textbox({iconCls:\'icon-bianliang\'});\n    $(\".icon-bianliang\").tooltip({\n        content: \"<span style=\'color:#fff\'>支持变量 如：<br/>${user.id}</span>\", \n            onShow: function(){\n                $(this).tooltip(\'tip\').css({\n                    backgroundColor: \'#666\',\n                    borderColor: \'#666\'\n                });\n            }\n        });\n});','2016-11-02 19:12:40',NULL),(11,6,'add','//支持变量\n$(function() {\n    $(\"#value\").textbox({iconCls:\'icon-bianliang\'});\n    $(\".icon-bianliang\").tooltip({\n        content: \"<span style=\'color:#fff\'>支持变量 如：<br/>${user.id}</span>\", \n            onShow: function(){\n                $(this).tooltip(\'tip\').css({\n                    backgroundColor: \'#666\',\n                    borderColor: \'#666\'\n                });\n            }\n        });\n});','2016-11-02 19:13:46',NULL);

/*!40101 SET SQL_MODE=@OLD_SQL_MODE */;
/*!40014 SET FOREIGN_KEY_CHECKS=@OLD_FOREIGN_KEY_CHECKS */;
/*!40014 SET UNIQUE_CHECKS=@OLD_UNIQUE_CHECKS */;
/*!40111 SET SQL_NOTES=@OLD_SQL_NOTES */;
